{"stats":{"minecraft:picked_up":{"minecraft:crafting_table":1,"minecraft:iron_chestplate":1,"minecraft:chicken":4,"minecraft:lead":3,"minecraft:oak_stairs":8,"minecraft:stone_brick_wall":1,"minecraft:shield":1,"minecraft:red_bed":1,"minecraft:string":6,"minecraft:raw_copper":4,"minecraft:iron_axe":1,"minecraft:iron_leggings":1,"minecraft:iron_shovel":1,"minecraft:gold_nugget":3,"minecraft:bucket":3,"minecraft:spruce_planks":10,"minecraft:beef":7,"minecraft:poppy":6,"minecraft:iron_pickaxe":1,"minecraft:sugar_cane":17,"minecraft:spruce_trapdoor":1,"minecraft:iron_boots":1,"minecraft:furnace":7,"minecraft:stick":46,"minecraft:raw_iron":32,"minecraft:stone":71,"minecraft:torch":8,"minecraft:spruce_stairs":1,"minecraft:stone_sword":2,"minecraft:rotten_flesh":6,"minecraft:stone_shovel":1,"minecraft:hay_block":44,"minecraft:cobblestone":1269,"minecraft:snowball":8,"minecraft:white_wool":6,"minecraft:stripped_oak_log":40,"minecraft:feather":7,"minecraft:cooked_beef":4,"minecraft:leather":6,"minecraft:smoker":2,"minecraft:potato":6,"minecraft:oak_log":144,"minecraft:yellow_bed":3,"minecraft:dirt":970,"minecraft:apple":4,"minecraft:stone_bricks":14,"minecraft:stonecutter":1,"minecraft:wheat_seeds":4,"minecraft:cooked_chicken":6,"minecraft:stone_pickaxe":4,"minecraft:iron_sword":1,"minecraft:oak_planks":19,"minecraft:book":1,"minecraft:cooked_porkchop":6,"minecraft:spruce_sapling":3,"minecraft:white_bed":1,"minecraft:spruce_log":41,"minecraft:barrel":4,"minecraft:spider_eye":4,"minecraft:stone_axe":3,"minecraft:iron_helmet":1,"minecraft:oak_sapling":35,"minecraft:coal":512},"minecraft:killed_by":{"minecraft:player":2,"minecraft:stray":1,"minecraft:skeleton":1,"minecraft:zombie":2},"minecraft:broken":{"minecraft:wooden_pickaxe":3,"minecraft:stone_pickaxe":7,"minecraft:stone_axe":2,"minecraft:stone_shovel":3},"minecraft:dropped":{"minecraft:cooked_beef":2,"minecraft:dirt":128,"minecraft:poppy":2,"minecraft:stone_pickaxe":1},"minecraft:killed":{"minecraft:spider":3,"minecraft:bee":1,"minecraft:chicken":3,"minecraft:zombie":2,"minecraft:cow":3},"minecraft:used":{"minecraft:stone_sword":17,"minecraft:stone_shovel":578,"minecraft:armor_stand":1,"minecraft:ladder":2,"minecraft:chest":4,"minecraft:stone":227,"minecraft:cooked_chicken":2,"minecraft:oak_door":1,"minecraft:torch":10,"minecraft:dirt":581,"minecraft:spruce_stairs":4,"minecraft:carrot":5,"minecraft:lantern":3,"minecraft:oak_stairs":12,"minecraft:barrel":12,"minecraft:stone_bricks":36,"minecraft:hay_block":7,"minecraft:oak_sapling":16,"minecraft:furnace":9,"minecraft:cooked_beef":5,"minecraft:stone_pickaxe":1076,"minecraft:oak_planks":38,"minecraft:wooden_pickaxe":177,"minecraft:stonecutter":2,"minecraft:sugar_cane":17,"minecraft:cracked_stone_bricks":14,"minecraft:crafting_table":2,"minecraft:red_bed":3,"minecraft:blast_furnace":1,"minecraft:campfire":1,"minecraft:stone_brick_wall":6,"minecraft:smoker":5,"minecraft:oak_log":46,"minecraft:apple":8,"minecraft:bread":11,"minecraft:spruce_trapdoor":3,"minecraft:spruce_sapling":1,"minecraft:stone_axe":306,"minecraft:cobblestone":312,"minecraft:cooked_porkchop":2,"minecraft:yellow_bed":2,"minecraft:stripped_oak_log":25},"minecraft:custom":{"minecraft:mob_kills":12,"minecraft:interact_with_crafting_table":80,"minecraft:open_barrel":33,"minecraft:leave_game":36,"minecraft:time_since_death":53276,"minecraft:climb_one_cm":1216,"minecraft:sprint_one_cm":514736,"minecraft:walk_one_cm":1209684,"minecraft:drop":7,"minecraft:play_time":290958,"minecraft:deaths":9,"minecraft:sneak_time":15562,"minecraft:walk_under_water_one_cm":14799,"minecraft:jump":3345,"minecraft:interact_with_blast_furnace":4,"minecraft:walk_on_water_one_cm":40779,"minecraft:total_world_time":290958,"minecraft:interact_with_furnace":61,"minecraft:interact_with_stonecutter":7,"minecraft:sleep_in_bed":9,"minecraft:time_since_rest":53537,"minecraft:damage_taken":3347,"minecraft:damage_dealt":1599,"minecraft:swim_one_cm":44963,"minecraft:fly_one_cm":395480,"minecraft:open_chest":6,"minecraft:crouch_one_cm":39389,"minecraft:interact_with_smoker":4,"minecraft:fall_one_cm":57270},"minecraft:mined":{"minecraft:white_bed":1,"minecraft:oak_sapling":3,"minecraft:spruce_trapdoor":1,"minecraft:allium":1,"minecraft:grass_block":348,"minecraft:stone_brick_wall":1,"minecraft:spruce_leaves":9,"minecraft:hay_block":19,"minecraft:spruce_sapling":1,"minecraft:furnace":7,"minecraft:iron_ore":33,"minecraft:barrel":4,"minecraft:snow":8,"minecraft:oak_stairs":6,"minecraft:stripped_oak_log":31,"minecraft:packed_ice":1,"minecraft:stone":769,"minecraft:red_bed":1,"minecraft:smoker":2,"minecraft:powder_snow":16,"minecraft:crafting_table":1,"minecraft:torch":1,"minecraft:poppy":4,"minecraft:cobblestone":113,"minecraft:tall_grass":3,"minecraft:copper_ore":1,"minecraft:sugar_cane":11,"minecraft:oak_planks":3,"minecraft:wall_torch":3,"minecraft:spruce_stairs":1,"minecraft:seagrass":1,"minecraft:spruce_log":23,"minecraft:bee_nest":1,"minecraft:yellow_bed":3,"minecraft:grass":45,"minecraft:oak_log":122,"minecraft:coal_ore":287,"minecraft:dirt":363,"minecraft:stonecutter":1,"minecraft:stone_bricks":14,"minecraft:oak_leaves":197},"minecraft:crafted":{"minecraft:oak_door":3,"minecraft:oak_planks":212,"minecraft:smooth_stone":7,"minecraft:stone_shovel":5,"minecraft:barrel":8,"minecraft:stone_brick_wall":5,"minecraft:smooth_stone_slab":2,"minecraft:iron_nugget":27,"minecraft:cooked_chicken":1,"minecraft:furnace":6,"minecraft:blast_furnace":1,"minecraft:stone":316,"minecraft:cracked_stone_bricks":14,"minecraft:lantern":3,"minecraft:spruce_stairs":4,"minecraft:ladder":3,"minecraft:spruce_slab":6,"minecraft:stone_pickaxe":9,"minecraft:chest":4,"minecraft:stone_bricks":36,"minecraft:smoker":3,"minecraft:wheat":27,"minecraft:cooked_beef":3,"minecraft:red_dye":2,"minecraft:oak_slab":12,"minecraft:crafting_table":1,"minecraft:spruce_planks":40,"minecraft:wooden_pickaxe":3,"minecraft:red_bed":2,"minecraft:campfire":1,"minecraft:stone_axe":5,"minecraft:bread":9,"minecraft:spruce_trapdoor":2,"minecraft:stick":44,"minecraft:iron_ingot":34,"minecraft:oak_stairs":8,"minecraft:stone_sword":2,"minecraft:armor_stand":1,"minecraft:stonecutter":1,"minecraft:white_bed":2,"minecraft:torch":24,"minecraft:shears":1}},"DataVersion":3465}