{"stats":{"minecraft:picked_up":{"minecraft:crafting_table":5,"minecraft:feather":1,"minecraft:chicken":1,"minecraft:wooden_pickaxe":2,"minecraft:potato":70,"minecraft:dirt":16,"minecraft:string":2,"minecraft:wheat_seeds":11,"minecraft:spruce_planks":27,"minecraft:stone_pickaxe":1,"minecraft:cooked_chicken":1,"minecraft:chest":1,"minecraft:furnace":1,"minecraft:stick":5,"minecraft:raw_iron":5,"minecraft:sweet_berries":8,"minecraft:torch":12,"minecraft:stripped_spruce_log":1,"minecraft:spruce_sapling":6,"minecraft:carrot":6,"minecraft:diorite":22,"minecraft:spruce_log":38,"minecraft:stone_sword":1,"minecraft:rotten_flesh":2,"minecraft:spruce_boat":1,"minecraft:granite":3,"minecraft:coal":63,"minecraft:snowball":21,"minecraft:cobblestone":189},"minecraft:killed_by":{"minecraft:drowned":1},"minecraft:broken":{"minecraft:stone_pickaxe":1,"minecraft:wooden_pickaxe":1},"minecraft:dropped":{"minecraft:stone_sword":1,"minecraft:raw_iron":2,"minecraft:chicken":1,"minecraft:cobblestone":32,"minecraft:rotten_flesh":2,"minecraft:spruce_planks":34,"minecraft:snowball":21,"minecraft:wooden_pickaxe":2,"minecraft:stone_pickaxe":1,"minecraft:spruce_sapling":6},"minecraft:killed":{"minecraft:spider":1,"minecraft:zombie":1},"minecraft:used":{"minecraft:diorite":19,"minecraft:stone_sword":28,"minecraft:stone_pickaxe":169,"minecraft:chest":2,"minecraft:spruce_planks":1,"minecraft:wooden_pickaxe":59,"minecraft:cooked_chicken":1,"minecraft:torch":6,"minecraft:dirt":7,"minecraft:crafting_table":5,"minecraft:granite":3,"minecraft:spruce_boat":2,"minecraft:stone_axe":41,"minecraft:cobblestone":15,"minecraft:sweet_berries":7,"minecraft:furnace":1},"minecraft:mined":{"minecraft:spruce_planks":1,"minecraft:powder_snow":58,"minecraft:crafting_table":4,"minecraft:granite":3,"minecraft:grass_block":3,"minecraft:chest":1,"minecraft:cobblestone":7,"minecraft:spruce_leaves":3,"minecraft:diorite":19,"minecraft:wall_torch":4,"minecraft:furnace":1,"minecraft:carrots":6,"minecraft:iron_ore":3,"minecraft:wheat":11,"minecraft:sweet_berry_bush":3,"minecraft:spruce_log":35,"minecraft:stripped_spruce_log":1,"minecraft:grass":2,"minecraft:potatoes":70,"minecraft:coal_ore":11,"minecraft:dirt":13,"minecraft:stone":181},"minecraft:custom":{"minecraft:interact_with_furnace":5,"minecraft:mob_kills":2,"minecraft:interact_with_crafting_table":12,"minecraft:leave_game":2,"minecraft:time_since_death":14921,"minecraft:sleep_in_bed":1,"minecraft:time_since_rest":10251,"minecraft:sprint_one_cm":15639,"minecraft:damage_taken":777,"minecraft:walk_one_cm":250748,"minecraft:drop":13,"minecraft:damage_dealt":525,"minecraft:swim_one_cm":35214,"minecraft:fly_one_cm":13116,"minecraft:open_chest":5,"minecraft:crouch_one_cm":4748,"minecraft:play_time":61896,"minecraft:deaths":2,"minecraft:sneak_time":2190,"minecraft:walk_under_water_one_cm":6092,"minecraft:boat_one_cm":206820,"minecraft:jump":590,"minecraft:walk_on_water_one_cm":8419,"minecraft:total_world_time":61896,"minecraft:fall_one_cm":11212},"minecraft:crafted":{"minecraft:crafting_table":1,"minecraft:spruce_planks":92,"minecraft:wooden_pickaxe":1,"minecraft:furnace":1,"minecraft:stone_axe":2,"minecraft:charcoal":2,"minecraft:shield":1,"minecraft:stick":36,"minecraft:stone_pickaxe":4,"minecraft:stone_sword":2,"minecraft:chest":1,"minecraft:spruce_boat":2,"minecraft:torch":28}},"DataVersion":3465}