{"stats":{"minecraft:picked_up":{"minecraft:crafting_table":4,"minecraft:feather":1,"minecraft:chicken":1,"minecraft:wooden_pickaxe":2,"minecraft:dirt":5,"minecraft:string":2,"minecraft:spruce_planks":27,"minecraft:stone_pickaxe":1,"minecraft:cooked_chicken":1,"minecraft:furnace":1,"minecraft:stick":5,"minecraft:raw_iron":5,"minecraft:sweet_berries":7,"minecraft:torch":11,"minecraft:stripped_spruce_log":1,"minecraft:spruce_sapling":6,"minecraft:diorite":22,"minecraft:spruce_log":30,"minecraft:stone_sword":1,"minecraft:rotten_flesh":2,"minecraft:spruce_boat":1,"minecraft:granite":3,"minecraft:coal":55,"minecraft:snowball":21,"minecraft:cobblestone":142},"minecraft:broken":{"minecraft:wooden_pickaxe":1},"minecraft:dropped":{"minecraft:stone_sword":1,"minecraft:raw_iron":2,"minecraft:chicken":1,"minecraft:cobblestone":32,"minecraft:rotten_flesh":2,"minecraft:spruce_planks":34,"minecraft:snowball":21,"minecraft:wooden_pickaxe":2,"minecraft:stone_pickaxe":1,"minecraft:spruce_sapling":6},"minecraft:killed":{"minecraft:spider":1,"minecraft:zombie":1},"minecraft:used":{"minecraft:diorite":19,"minecraft:stone_sword":17,"minecraft:stone_pickaxe":113,"minecraft:spruce_planks":1,"minecraft:wooden_pickaxe":59,"minecraft:torch":5,"minecraft:dirt":4,"minecraft:crafting_table":3,"minecraft:granite":3,"minecraft:spruce_boat":1,"minecraft:stone_axe":28,"minecraft:cobblestone":8,"minecraft:sweet_berries":7,"minecraft:furnace":1},"minecraft:mined":{"minecraft:spruce_planks":1,"minecraft:powder_snow":28,"minecraft:crafting_table":3,"minecraft:granite":3,"minecraft:grass_block":3,"minecraft:cobblestone":6,"minecraft:spruce_leaves":1,"minecraft:diorite":19,"minecraft:wall_torch":4,"minecraft:furnace":1,"minecraft:iron_ore":3,"minecraft:sweet_berry_bush":2,"minecraft:spruce_log":28,"minecraft:stripped_spruce_log":1,"minecraft:grass":2,"minecraft:coal_ore":3,"minecraft:dirt":2,"minecraft:stone":134},"minecraft:custom":{"minecraft:interact_with_furnace":5,"minecraft:mob_kills":2,"minecraft:interact_with_crafting_table":6,"minecraft:leave_game":2,"minecraft:time_since_death":31896,"minecraft:time_since_rest":31896,"minecraft:sprint_one_cm":13727,"minecraft:damage_taken":215,"minecraft:walk_one_cm":104047,"minecraft:drop":13,"minecraft:damage_dealt":525,"minecraft:swim_one_cm":4216,"minecraft:fly_one_cm":10648,"minecraft:crouch_one_cm":2155,"minecraft:play_time":31896,"minecraft:sneak_time":1254,"minecraft:walk_under_water_one_cm":3500,"minecraft:boat_one_cm":28800,"minecraft:jump":294,"minecraft:walk_on_water_one_cm":6900,"minecraft:total_world_time":31896,"minecraft:fall_one_cm":4990},"minecraft:crafted":{"minecraft:crafting_table":1,"minecraft:spruce_planks":44,"minecraft:wooden_pickaxe":1,"minecraft:furnace":1,"minecraft:stone_axe":1,"minecraft:charcoal":2,"minecraft:stick":12,"minecraft:stone_pickaxe":1,"minecraft:stone_sword":1,"minecraft:spruce_boat":1,"minecraft:torch":8}},"DataVersion":3465}