{"stats":{"minecraft:used":{"minecraft:stone_sword":146,"minecraft:iron_shovel":2652,"minecraft:stone_shovel":1869,"minecraft:chest":2,"minecraft:shield":62,"minecraft:iron_sword":88,"minecraft:stone":59,"minecraft:cooked_chicken":1,"minecraft:rotten_flesh":20,"minecraft:torch":28,"minecraft:dirt":1673,"minecraft:carrot":24,"minecraft:allium":4,"minecraft:snowball":47,"minecraft:azure_bluet":1,"minecraft:spruce_boat":8,"minecraft:wooden_axe":45,"minecraft:barrel":6,"minecraft:bow":7,"minecraft:sweet_berries":4,"minecraft:oak_sapling":4,"minecraft:furnace":3,"minecraft:minecart":11,"minecraft:cooked_beef":3,"minecraft:cooked_mutton":3,"minecraft:water_bucket":10,"minecraft:diorite":2,"minecraft:leather_leggings":1,"minecraft:lead":1,"minecraft:stone_pickaxe":1558,"minecraft:baked_potato":17,"minecraft:wooden_pickaxe":75,"minecraft:spruce_sign":2,"minecraft:rail":3,"minecraft:crafting_table":4,"minecraft:white_bed":4,"minecraft:spruce_log":2,"minecraft:apple":6,"minecraft:oxeye_daisy":7,"minecraft:bread":30,"minecraft:iron_pickaxe":3897,"minecraft:gravel":5,"minecraft:spruce_sapling":20,"minecraft:cobblestone":142,"minecraft:cooked_porkchop":1,"minecraft:bucket":13,"minecraft:oak_boat":2,"minecraft:dandelion":7,"minecraft:bone_meal":7},"minecraft:dropped":{"minecraft:wheat_seeds":1,"minecraft:diamond":1,"minecraft:apple":2,"minecraft:dirt":448,"minecraft:snowball":17,"minecraft:bone_meal":11,"minecraft:white_wool":1,"minecraft:dandelion":5,"minecraft:sweet_berries":3,"minecraft:cooked_chicken":1,"minecraft:diamond_shovel":1,"minecraft:white_bed":1,"minecraft:allium":21},"minecraft:crafted":{"minecraft:stone_shovel":15,"minecraft:barrel":5,"minecraft:cooked_chicken":4,"minecraft:furnace":3,"minecraft:stone":63,"minecraft:bone_meal":27,"minecraft:cooked_mutton":3,"minecraft:spruce_slab":12,"minecraft:stone_pickaxe":13,"minecraft:chest":2,"minecraft:cooked_beef":2,"minecraft:cooked_porkchop":1,"minecraft:spruce_sign":3,"minecraft:crafting_table":3,"minecraft:spruce_planks":188,"minecraft:wooden_pickaxe":1,"minecraft:baked_potato":57,"minecraft:iron_sword":2,"minecraft:bucket":1,"minecraft:shield":2,"minecraft:stick":124,"minecraft:iron_pickaxe":16,"minecraft:iron_ingot":60,"minecraft:wooden_axe":1,"minecraft:stone_sword":1,"minecraft:iron_shovel":11,"minecraft:torch":64},"minecraft:broken":{"minecraft:iron_shovel":10,"minecraft:stone_sword":1,"minecraft:wooden_pickaxe":1,"minecraft:stone_pickaxe":11,"minecraft:iron_pickaxe":17,"minecraft:stone_shovel":14},"minecraft:custom":{"minecraft:mob_kills":37,"minecraft:interact_with_crafting_table":69,"minecraft:open_barrel":129,"minecraft:leave_game":20,"minecraft:time_since_death":18946,"minecraft:climb_one_cm":216,"minecraft:sprint_one_cm":1035257,"minecraft:walk_one_cm":1809738,"minecraft:damage_blocked_by_shield":4395,"minecraft:drop":57,"minecraft:talked_to_villager":111,"minecraft:play_time":589536,"minecraft:deaths":11,"minecraft:sneak_time":25469,"minecraft:walk_under_water_one_cm":22814,"minecraft:boat_one_cm":213820,"minecraft:jump":5514,"minecraft:walk_on_water_one_cm":66245,"minecraft:total_world_time":589536,"minecraft:interact_with_furnace":61,"minecraft:sleep_in_bed":10,"minecraft:time_since_rest":19005,"minecraft:damage_taken":7192,"minecraft:damage_dealt":6292,"minecraft:swim_one_cm":45390,"minecraft:fly_one_cm":639335,"minecraft:player_kills":1,"minecraft:open_chest":29,"minecraft:crouch_one_cm":77890,"minecraft:interact_with_smoker":18,"minecraft:fall_one_cm":93304},"minecraft:picked_up":{"minecraft:wooden_axe":6,"minecraft:crafting_table":4,"minecraft:allium":62,"minecraft:azure_bluet":1,"minecraft:chicken":2,"minecraft:leather_leggings":2,"minecraft:lead":2,"minecraft:wooden_pickaxe":8,"minecraft:shield":8,"minecraft:string":9,"minecraft:iron_shovel":3,"minecraft:bucket":3,"minecraft:spruce_planks":290,"minecraft:oak_boat":2,"minecraft:poppy":1,"minecraft:iron_pickaxe":21,"minecraft:spruce_slab":8,"minecraft:minecart":11,"minecraft:stick":27,"minecraft:raw_iron":113,"minecraft:copper_ingot":2,"minecraft:torch":91,"minecraft:porkchop":4,"minecraft:diorite":40,"minecraft:rotten_flesh":45,"minecraft:arrow":13,"minecraft:stone_sword":4,"minecraft:stone_shovel":6,"minecraft:mutton":11,"minecraft:rail":3,"minecraft:snowball":119,"minecraft:white_wool":3,"minecraft:cobblestone":6031,"minecraft:oxeye_daisy":15,"minecraft:feather":5,"minecraft:cooked_beef":1,"minecraft:leather":1,"minecraft:potato":4,"minecraft:cobblestone_stairs":2,"minecraft:gunpowder":4,"minecraft:dirt":5745,"minecraft:cooked_mutton":3,"minecraft:bone":17,"minecraft:bow":2,"minecraft:wheat_seeds":40,"minecraft:stone_pickaxe":9,"minecraft:iron_ingot":22,"minecraft:iron_sword":2,"minecraft:sweet_berries":8,"minecraft:dandelion":12,"minecraft:gravel":40,"minecraft:spruce_sapling":63,"minecraft:white_bed":13,"minecraft:spruce_log":44,"minecraft:barrel":2,"minecraft:spider_eye":2,"minecraft:diamond_shovel":1,"minecraft:diamond":1,"minecraft:spruce_boat":8,"minecraft:granite":6,"minecraft:cherry_sapling":3,"minecraft:spruce_sign":2,"minecraft:emerald":2,"minecraft:bread":74,"minecraft:baked_potato":27,"minecraft:oak_sapling":4,"minecraft:coal":365,"minecraft:ender_pearl":2},"minecraft:mined":{"minecraft:white_bed":3,"minecraft:allium":20,"minecraft:grass_block":2026,"minecraft:spruce_leaves":58,"minecraft:oxeye_daisy":3,"minecraft:spruce_sapling":4,"minecraft:iron_ore":81,"minecraft:barrel":1,"minecraft:snow":1,"minecraft:dirt_path":3,"minecraft:rail":1,"minecraft:stone":5027,"minecraft:snow_block":2,"minecraft:dandelion":3,"minecraft:powder_snow":23,"minecraft:crafting_table":3,"minecraft:torch":2,"minecraft:emerald_ore":2,"minecraft:tall_grass":9,"minecraft:cobblestone":17,"minecraft:diorite":3,"minecraft:wall_torch":1,"minecraft:sweet_berry_bush":3,"minecraft:spruce_log":42,"minecraft:grass":95,"minecraft:coal_ore":316,"minecraft:gravel":14,"minecraft:dirt":2397},"minecraft:killed":{"minecraft:spider":2,"minecraft:skeleton":6,"minecraft:chicken":1,"minecraft:drowned":1,"minecraft:pig":1,"minecraft:zombie_villager":1,"minecraft:salmon":2,"minecraft:wandering_trader":1,"minecraft:sheep":2,"minecraft:trader_llama":2,"minecraft:pillager":1,"minecraft:zombie":10,"minecraft:enderman":1},"minecraft:killed_by":{"minecraft:player":1,"minecraft:creeper":1,"minecraft:spider":2,"minecraft:skeleton":5,"minecraft:zombie":1}},"DataVersion":3465}