{"stats":{"minecraft:picked_up":{"minecraft:iron_chestplate":1,"minecraft:stick":7,"minecraft:crafting_table":1,"minecraft:feather":7,"minecraft:chicken":4,"minecraft:cooked_porkchop":6,"minecraft:leather":2,"minecraft:torch":4,"minecraft:shield":1,"minecraft:string":2,"minecraft:oak_log":13,"minecraft:iron_shovel":1,"minecraft:iron_axe":1,"minecraft:iron_leggings":1,"minecraft:spruce_log":13,"minecraft:spider_eye":2,"minecraft:dirt":15,"minecraft:stone_sword":2,"minecraft:stone_axe":2,"minecraft:bucket":3,"minecraft:spruce_planks":10,"minecraft:iron_helmet":1,"minecraft:stone_pickaxe":2,"minecraft:cooked_chicken":6,"minecraft:poppy":2,"minecraft:iron_pickaxe":1,"minecraft:iron_sword":1,"minecraft:coal":162,"minecraft:iron_boots":1,"minecraft:cobblestone":341,"minecraft:furnace":1},"minecraft:broken":{"minecraft:wooden_pickaxe":1},"minecraft:killed":{"minecraft:chicken":3,"minecraft:spider":1},"minecraft:used":{"minecraft:stone_sword":17,"minecraft:stone_pickaxe":84,"minecraft:wooden_pickaxe":59,"minecraft:cooked_chicken":1,"minecraft:stone_axe":14,"minecraft:dirt":7,"minecraft:crafting_table":1,"minecraft:cooked_porkchop":1,"minecraft:furnace":1,"minecraft:smoker":1},"minecraft:mined":{"minecraft:furnace":1,"minecraft:spruce_log":4,"minecraft:powder_snow":16,"minecraft:crafting_table":1,"minecraft:grass":4,"minecraft:oak_log":6,"minecraft:poppy":1,"minecraft:grass_block":3,"minecraft:coal_ore":60,"minecraft:packed_ice":1,"minecraft:dirt":11,"minecraft:tall_grass":1,"minecraft:spruce_leaves":1,"minecraft:stone":78,"minecraft:oak_leaves":1},"minecraft:custom":{"minecraft:time_since_rest":8566,"minecraft:interact_with_furnace":3,"minecraft:sprint_one_cm":59952,"minecraft:damage_taken":720,"minecraft:walk_one_cm":128191,"minecraft:mob_kills":4,"minecraft:damage_dealt":279,"minecraft:interact_with_crafting_table":4,"minecraft:swim_one_cm":22618,"minecraft:fly_one_cm":61875,"minecraft:open_chest":3,"minecraft:crouch_one_cm":1365,"minecraft:play_time":29643,"minecraft:deaths":3,"minecraft:sneak_time":540,"minecraft:walk_under_water_one_cm":4868,"minecraft:jump":651,"minecraft:time_since_death":8409,"minecraft:walk_on_water_one_cm":8463,"minecraft:sleep_in_bed":1,"minecraft:interact_with_smoker":1,"minecraft:total_world_time":29643,"minecraft:fall_one_cm":10796},"minecraft:crafted":{"minecraft:spruce_planks":16,"minecraft:stick":4,"minecraft:wooden_pickaxe":1,"minecraft:iron_ingot":5,"minecraft:cooked_chicken":1,"minecraft:stone_pickaxe":1,"minecraft:stone_sword":1,"minecraft:furnace":1,"minecraft:stone_axe":1,"minecraft:smoker":1}},"DataVersion":3465}