{"stats":{"minecraft:picked_up":{"minecraft:raw_iron":3,"minecraft:crafting_table":2,"minecraft:sweet_berries":3,"minecraft:torch":3,"minecraft:stripped_spruce_log":1,"minecraft:diorite":19,"minecraft:spruce_log":28,"minecraft:dirt":4,"minecraft:spruce_planks":10,"minecraft:granite":3,"minecraft:coal":8,"minecraft:cobblestone":84,"minecraft:furnace":1},"minecraft:broken":{"minecraft:wooden_pickaxe":1},"minecraft:dropped":{"minecraft:spruce_planks":9},"minecraft:used":{"minecraft:diorite":19,"minecraft:stone_pickaxe":55,"minecraft:spruce_planks":1,"minecraft:wooden_pickaxe":59,"minecraft:stone_axe":26,"minecraft:torch":3,"minecraft:dirt":4,"minecraft:cobblestone":8,"minecraft:sweet_berries":3,"minecraft:crafting_table":2,"minecraft:furnace":1,"minecraft:granite":3},"minecraft:mined":{"minecraft:spruce_planks":1,"minecraft:furnace":1,"minecraft:iron_ore":3,"minecraft:sweet_berry_bush":2,"minecraft:spruce_log":28,"minecraft:stripped_spruce_log":1,"minecraft:powder_snow":17,"minecraft:crafting_table":2,"minecraft:granite":3,"minecraft:coal_ore":1,"minecraft:grass_block":2,"minecraft:dirt":2,"minecraft:cobblestone":6,"minecraft:spruce_leaves":1,"minecraft:stone":80,"minecraft:diorite":19,"minecraft:wall_torch":3},"minecraft:custom":{"minecraft:time_since_rest":19896,"minecraft:interact_with_furnace":2,"minecraft:sprint_one_cm":4016,"minecraft:damage_taken":100,"minecraft:walk_one_cm":66453,"minecraft:drop":1,"minecraft:damage_dealt":10,"minecraft:interact_with_crafting_table":5,"minecraft:fly_one_cm":1756,"minecraft:crouch_one_cm":521,"minecraft:play_time":19896,"minecraft:sneak_time":788,"minecraft:jump":194,"minecraft:leave_game":2,"minecraft:time_since_death":19896,"minecraft:total_world_time":19896,"minecraft:fall_one_cm":3092},"minecraft:crafted":{"minecraft:charcoal":2,"minecraft:crafting_table":1,"minecraft:spruce_planks":36,"minecraft:stick":12,"minecraft:wooden_pickaxe":1,"minecraft:stone_pickaxe":1,"minecraft:stone_sword":1,"minecraft:furnace":1,"minecraft:torch":8,"minecraft:stone_axe":1}},"DataVersion":3465}