{"stats":{"minecraft:picked_up":{"minecraft:crafting_table":8,"minecraft:feather":9,"minecraft:chicken":1,"minecraft:wooden_pickaxe":2,"minecraft:potato":176,"minecraft:flint":1,"minecraft:oak_log":19,"minecraft:dirt":269,"minecraft:string":6,"minecraft:lantern":7,"minecraft:iron_axe":1,"minecraft:iron_shovel":1,"minecraft:wheat_seeds":49,"minecraft:bucket":3,"minecraft:bell":2,"minecraft:spruce_planks":28,"minecraft:iron_ingot":24,"minecraft:stone_pickaxe":1,"minecraft:cooked_chicken":1,"minecraft:poppy":1,"minecraft:chest":2,"minecraft:furnace":1,"minecraft:stick":11,"minecraft:raw_iron":5,"minecraft:sweet_berries":11,"minecraft:torch":12,"minecraft:gravel":4,"minecraft:white_bed":5,"minecraft:stripped_spruce_log":2,"minecraft:spruce_sapling":6,"minecraft:carrot":19,"minecraft:diorite":25,"minecraft:spruce_log":47,"minecraft:redstone":16,"minecraft:spider_eye":1,"minecraft:stone_sword":1,"minecraft:diamond":2,"minecraft:rotten_flesh":2,"minecraft:spruce_boat":2,"minecraft:hay_block":33,"minecraft:granite":3,"minecraft:baked_potato":12,"minecraft:mutton":5,"minecraft:oak_sapling":2,"minecraft:white_wool":3,"minecraft:coal":184,"minecraft:snowball":21,"minecraft:cobblestone":356,"minecraft:diamond_pickaxe":1},"minecraft:killed_by":{"minecraft:drowned":1},"minecraft:broken":{"minecraft:stone_pickaxe":1,"minecraft:wooden_pickaxe":1},"minecraft:dropped":{"minecraft:iron_ingot":24,"minecraft:baked_potato":10,"minecraft:stone_sword":1,"minecraft:raw_iron":2,"minecraft:chicken":1,"minecraft:cobblestone":32,"minecraft:rotten_flesh":2,"minecraft:diamond_pickaxe":1,"minecraft:spruce_planks":34,"minecraft:snowball":21,"minecraft:iron_axe":1,"minecraft:wooden_pickaxe":2,"minecraft:stone_pickaxe":1,"minecraft:iron_shovel":1,"minecraft:bucket":3,"minecraft:spruce_sapling":6},"minecraft:killed":{"minecraft:spider":1,"minecraft:sheep":3,"minecraft:zombie":2},"minecraft:used":{"minecraft:wheat_seeds":14,"minecraft:diorite":19,"minecraft:stone_sword":48,"minecraft:stone_pickaxe":231,"minecraft:baked_potato":6,"minecraft:chest":5,"minecraft:spruce_planks":2,"minecraft:wooden_pickaxe":59,"minecraft:stone_hoe":57,"minecraft:bell":1,"minecraft:cooked_chicken":1,"minecraft:torch":6,"minecraft:dirt":260,"minecraft:crafting_table":7,"minecraft:red_bed":1,"minecraft:carrot":9,"minecraft:white_bed":4,"minecraft:granite":3,"minecraft:spruce_boat":2,"minecraft:lantern":7,"minecraft:iron_helmet":1,"minecraft:iron_boots":1,"minecraft:stone_axe":118,"minecraft:cobblestone":20,"minecraft:sweet_berries":10,"minecraft:oak_sapling":2,"minecraft:furnace":3,"minecraft:potato":8,"minecraft:iron_leggings":1},"minecraft:mined":{"minecraft:spruce_planks":2,"minecraft:white_bed":4,"minecraft:powder_snow":58,"minecraft:crafting_table":6,"minecraft:granite":3,"minecraft:poppy":1,"minecraft:grass_block":38,"minecraft:chest":2,"minecraft:tall_grass":4,"minecraft:cobblestone":9,"minecraft:spruce_leaves":3,"minecraft:diorite":19,"minecraft:wall_torch":4,"minecraft:hay_block":33,"minecraft:furnace":1,"minecraft:carrots":10,"minecraft:iron_ore":3,"minecraft:wheat":21,"minecraft:sweet_berry_bush":4,"minecraft:spruce_log":35,"minecraft:stripped_spruce_log":1,"minecraft:gravel":4,"minecraft:bell":2,"minecraft:grass":33,"minecraft:oak_log":16,"minecraft:potatoes":112,"minecraft:coal_ore":11,"minecraft:lantern":7,"minecraft:dirt":26,"minecraft:stone":188,"minecraft:oak_leaves":45},"minecraft:custom":{"minecraft:interact_with_furnace":13,"minecraft:mob_kills":7,"minecraft:interact_with_crafting_table":28,"minecraft:bell_ring":29,"minecraft:leave_game":2,"minecraft:time_since_death":74921,"minecraft:sleep_in_bed":4,"minecraft:time_since_rest":1275,"minecraft:sprint_one_cm":61847,"minecraft:damage_taken":947,"minecraft:walk_one_cm":597004,"minecraft:drop":20,"minecraft:damage_dealt":1065,"minecraft:swim_one_cm":47557,"minecraft:talked_to_villager":2,"minecraft:fly_one_cm":53467,"minecraft:open_chest":31,"minecraft:crouch_one_cm":15368,"minecraft:play_time":121896,"minecraft:deaths":2,"minecraft:sneak_time":5583,"minecraft:walk_under_water_one_cm":9594,"minecraft:boat_one_cm":206820,"minecraft:jump":1064,"minecraft:walk_on_water_one_cm":11380,"minecraft:interact_with_smoker":3,"minecraft:total_world_time":121896,"minecraft:fall_one_cm":14450},"minecraft:crafted":{"minecraft:red_dye":1,"minecraft:oak_planks":60,"minecraft:crafting_table":1,"minecraft:spruce_planks":92,"minecraft:baked_potato":9,"minecraft:iron_helmet":1,"minecraft:wooden_pickaxe":1,"minecraft:red_bed":1,"minecraft:furnace":3,"minecraft:stone_axe":2,"minecraft:bread":99,"minecraft:iron_boots":1,"minecraft:iron_chestplate":1,"minecraft:charcoal":2,"minecraft:shield":1,"minecraft:stick":36,"minecraft:iron_ingot":21,"minecraft:stone_pickaxe":4,"minecraft:stone_sword":2,"minecraft:chest":3,"minecraft:iron_leggings":1,"minecraft:spruce_boat":2,"minecraft:torch":28,"minecraft:stone_hoe":1,"minecraft:wheat":297}},"DataVersion":3465}