{"stats":{"minecraft:picked_up":{"minecraft:raw_iron":7,"minecraft:stick":4,"minecraft:crafting_table":2,"minecraft:chicken":2,"minecraft:feather":1,"minecraft:sweet_berries":8,"minecraft:torch":1,"minecraft:wooden_pickaxe":3,"minecraft:spruce_sapling":13,"minecraft:diorite":5,"minecraft:spruce_log":17,"minecraft:dirt":11,"minecraft:stone_sword":1,"minecraft:rotten_flesh":4,"minecraft:wheat_seeds":1,"minecraft:spruce_planks":25,"minecraft:stone_pickaxe":1,"minecraft:coal":124,"minecraft:snowball":75,"minecraft:cobblestone":111},"minecraft:killed_by":{"minecraft:spider":1},"minecraft:broken":{"minecraft:stone_pickaxe":1,"minecraft:wooden_pickaxe":1},"minecraft:dropped":{"minecraft:sweet_berries":3,"minecraft:cooked_chicken":1},"minecraft:killed":{"minecraft:chicken":1},"minecraft:used":{"minecraft:diorite":2,"minecraft:stone_sword":13,"minecraft:stone_pickaxe":140,"minecraft:wooden_pickaxe":75,"minecraft:spruce_sapling":1,"minecraft:rotten_flesh":2,"minecraft:torch":2,"minecraft:dirt":8,"minecraft:cobblestone":27,"minecraft:crafting_table":2,"minecraft:sweet_berries":4,"minecraft:furnace":1,"minecraft:snowball":37,"minecraft:spruce_log":1},"minecraft:mined":{"minecraft:iron_ore":5,"minecraft:sweet_berry_bush":3,"minecraft:spruce_log":17,"minecraft:powder_snow":9,"minecraft:crafting_table":1,"minecraft:grass":1,"minecraft:grass_block":1,"minecraft:coal_ore":119,"minecraft:dirt":3,"minecraft:cobblestone":1,"minecraft:spruce_leaves":4,"minecraft:stone":72,"minecraft:diorite":2,"minecraft:wall_torch":1},"minecraft:custom":{"minecraft:time_since_rest":18604,"minecraft:interact_with_furnace":10,"minecraft:sprint_one_cm":70190,"minecraft:damage_taken":434,"minecraft:walk_one_cm":114678,"minecraft:mob_kills":3,"minecraft:drop":4,"minecraft:damage_dealt":313,"minecraft:swim_one_cm":14958,"minecraft:interact_with_crafting_table":5,"minecraft:fly_one_cm":83519,"minecraft:crouch_one_cm":3200,"minecraft:play_time":46920,"minecraft:deaths":1,"minecraft:sneak_time":2072,"minecraft:walk_under_water_one_cm":2580,"minecraft:jump":770,"minecraft:leave_game":1,"minecraft:walk_on_water_one_cm":13775,"minecraft:time_since_death":18515,"minecraft:total_world_time":46920,"minecraft:fall_one_cm":10531},"minecraft:crafted":{"minecraft:crafting_table":2,"minecraft:spruce_planks":52,"minecraft:stick":12,"minecraft:iron_ingot":1,"minecraft:wooden_pickaxe":1,"minecraft:cooked_chicken":1,"minecraft:stone_pickaxe":2,"minecraft:stone_sword":1,"minecraft:furnace":1,"minecraft:torch":8}},"DataVersion":3465}