{"stats":{"minecraft:picked_up":{"minecraft:wooden_axe":4,"minecraft:crafting_table":4,"minecraft:allium":30,"minecraft:feather":5,"minecraft:chicken":2,"minecraft:wooden_pickaxe":8,"minecraft:shield":3,"minecraft:gunpowder":4,"minecraft:string":7,"minecraft:dirt":2184,"minecraft:bone":10,"minecraft:wheat_seeds":19,"minecraft:bucket":1,"minecraft:spruce_planks":173,"minecraft:stone_pickaxe":6,"minecraft:poppy":1,"minecraft:iron_pickaxe":14,"minecraft:spruce_slab":8,"minecraft:stick":12,"minecraft:raw_iron":42,"minecraft:sweet_berries":8,"minecraft:torch":17,"minecraft:dandelion":6,"minecraft:porkchop":4,"minecraft:gravel":14,"minecraft:spruce_sapling":42,"minecraft:white_bed":8,"minecraft:diorite":39,"minecraft:spruce_log":36,"minecraft:spider_eye":2,"minecraft:barrel":2,"minecraft:stone_sword":4,"minecraft:arrow":6,"minecraft:stone_shovel":4,"minecraft:rotten_flesh":17,"minecraft:diamond":1,"minecraft:granite":6,"minecraft:bread":8,"minecraft:baked_potato":2,"minecraft:oak_sapling":2,"minecraft:mutton":10,"minecraft:coal":248,"minecraft:snowball":119,"minecraft:white_wool":2,"minecraft:cobblestone":889,"minecraft:oxeye_daisy":2},"minecraft:killed_by":{"minecraft:player":1,"minecraft:skeleton":2,"minecraft:creeper":1,"minecraft:spider":1},"minecraft:broken":{"minecraft:stone_pickaxe":2,"minecraft:iron_pickaxe":3,"minecraft:stone_shovel":10,"minecraft:wooden_pickaxe":1},"minecraft:dropped":{"minecraft:sweet_berries":3,"minecraft:cooked_chicken":1,"minecraft:diamond":1,"minecraft:white_bed":1,"minecraft:dirt":448,"minecraft:snowball":1,"minecraft:bone_meal":11,"minecraft:white_wool":1},"minecraft:killed":{"minecraft:pig":1,"minecraft:salmon":1,"minecraft:spider":1,"minecraft:skeleton":1,"minecraft:sheep":1,"minecraft:zombie":2,"minecraft:chicken":1},"minecraft:used":{"minecraft:diorite":2,"minecraft:stone_sword":103,"minecraft:stone_shovel":1333,"minecraft:stone_pickaxe":266,"minecraft:baked_potato":5,"minecraft:shield":10,"minecraft:wooden_pickaxe":75,"minecraft:stone":4,"minecraft:cooked_chicken":1,"minecraft:rotten_flesh":2,"minecraft:torch":7,"minecraft:dirt":628,"minecraft:crafting_table":4,"minecraft:allium":2,"minecraft:white_bed":1,"minecraft:snowball":47,"minecraft:spruce_log":1,"minecraft:wooden_axe":39,"minecraft:bread":11,"minecraft:iron_pickaxe":569,"minecraft:spruce_sapling":11,"minecraft:barrel":2,"minecraft:cobblestone":77,"minecraft:sweet_berries":4,"minecraft:furnace":3,"minecraft:cooked_porkchop":1,"minecraft:cooked_beef":2,"minecraft:dandelion":1,"minecraft:bone_meal":7},"minecraft:mined":{"minecraft:white_bed":1,"minecraft:snow_block":2,"minecraft:dandelion":2,"minecraft:powder_snow":23,"minecraft:crafting_table":3,"minecraft:allium":14,"minecraft:grass_block":557,"minecraft:tall_grass":4,"minecraft:cobblestone":4,"minecraft:spruce_leaves":20,"minecraft:diorite":2,"minecraft:wall_torch":1,"minecraft:spruce_sapling":2,"minecraft:barrel":1,"minecraft:iron_ore":14,"minecraft:snow":1,"minecraft:sweet_berry_bush":3,"minecraft:spruce_log":35,"minecraft:grass":32,"minecraft:coal_ore":211,"minecraft:dirt":765,"minecraft:stone":627},"minecraft:custom":{"minecraft:interact_with_furnace":35,"minecraft:mob_kills":10,"minecraft:interact_with_crafting_table":31,"minecraft:open_barrel":33,"minecraft:leave_game":1,"minecraft:time_since_death":32544,"minecraft:sleep_in_bed":3,"minecraft:time_since_rest":32591,"minecraft:sprint_one_cm":281555,"minecraft:damage_taken":2473,"minecraft:walk_one_cm":503051,"minecraft:damage_blocked_by_shield":675,"minecraft:drop":26,"minecraft:damage_dealt":1893,"minecraft:player_kills":1,"minecraft:swim_one_cm":28377,"minecraft:fly_one_cm":252359,"minecraft:open_chest":4,"minecraft:crouch_one_cm":30237,"minecraft:play_time":160920,"minecraft:deaths":5,"minecraft:sneak_time":10048,"minecraft:walk_under_water_one_cm":7067,"minecraft:jump":2100,"minecraft:walk_on_water_one_cm":16700,"minecraft:total_world_time":160920,"minecraft:interact_with_smoker":18,"minecraft:fall_one_cm":25665},"minecraft:crafted":{"minecraft:cooked_beef":2,"minecraft:stone_shovel":10,"minecraft:barrel":1,"minecraft:cooked_porkchop":1,"minecraft:crafting_table":3,"minecraft:spruce_planks":108,"minecraft:baked_potato":21,"minecraft:wooden_pickaxe":1,"minecraft:cooked_chicken":4,"minecraft:furnace":3,"minecraft:stone":63,"minecraft:bone_meal":18,"minecraft:bucket":1,"minecraft:cooked_mutton":2,"minecraft:shield":1,"minecraft:stick":40,"minecraft:spruce_slab":6,"minecraft:iron_ingot":21,"minecraft:iron_pickaxe":3,"minecraft:stone_pickaxe":2,"minecraft:wooden_axe":1,"minecraft:stone_sword":1,"minecraft:torch":24}},"DataVersion":3465}