{"stats":{"minecraft:used":{"minecraft:cooked_mutton":2,"minecraft:diorite":2,"minecraft:stone_sword":140,"minecraft:iron_shovel":1815,"minecraft:stone_pickaxe":266,"minecraft:stone_shovel":1862,"minecraft:baked_potato":5,"minecraft:stone":59,"minecraft:wooden_pickaxe":75,"minecraft:shield":17,"minecraft:cooked_chicken":1,"minecraft:rotten_flesh":6,"minecraft:torch":20,"minecraft:dirt":932,"minecraft:crafting_table":4,"minecraft:allium":4,"minecraft:white_bed":2,"minecraft:snowball":47,"minecraft:spruce_log":2,"minecraft:wooden_axe":39,"minecraft:apple":6,"minecraft:oxeye_daisy":7,"minecraft:iron_pickaxe":1620,"minecraft:bread":15,"minecraft:spruce_sapling":20,"minecraft:barrel":4,"minecraft:cobblestone":77,"minecraft:sweet_berries":4,"minecraft:oak_sapling":2,"minecraft:furnace":3,"minecraft:cooked_porkchop":1,"minecraft:cooked_beef":3,"minecraft:dandelion":1,"minecraft:bone_meal":7},"minecraft:dropped":{"minecraft:sweet_berries":3,"minecraft:wheat_seeds":1,"minecraft:cooked_chicken":1,"minecraft:diamond":1,"minecraft:apple":2,"minecraft:white_bed":1,"minecraft:dirt":448,"minecraft:allium":21,"minecraft:snowball":17,"minecraft:bone_meal":11,"minecraft:white_wool":1,"minecraft:dandelion":5},"minecraft:crafted":{"minecraft:cooked_beef":2,"minecraft:stone_shovel":14,"minecraft:barrel":3,"minecraft:cooked_porkchop":1,"minecraft:crafting_table":3,"minecraft:spruce_planks":128,"minecraft:cooked_chicken":4,"minecraft:wooden_pickaxe":1,"minecraft:baked_potato":21,"minecraft:furnace":3,"minecraft:stone":63,"minecraft:bucket":1,"minecraft:bone_meal":18,"minecraft:cooked_mutton":3,"minecraft:shield":1,"minecraft:spruce_slab":6,"minecraft:stick":76,"minecraft:iron_ingot":45,"minecraft:iron_pickaxe":6,"minecraft:stone_pickaxe":2,"minecraft:wooden_axe":1,"minecraft:stone_sword":1,"minecraft:iron_shovel":8,"minecraft:torch":52},"minecraft:broken":{"minecraft:stone_pickaxe":2,"minecraft:iron_shovel":7,"minecraft:iron_pickaxe":7,"minecraft:stone_shovel":14,"minecraft:wooden_pickaxe":1},"minecraft:custom":{"minecraft:interact_with_furnace":46,"minecraft:mob_kills":14,"minecraft:interact_with_crafting_table":44,"minecraft:open_barrel":69,"minecraft:leave_game":3,"minecraft:time_since_death":160580,"minecraft:sleep_in_bed":6,"minecraft:time_since_rest":5727,"minecraft:sprint_one_cm":506366,"minecraft:damage_taken":3166,"minecraft:walk_one_cm":864910,"minecraft:damage_blocked_by_shield":995,"minecraft:drop":56,"minecraft:damage_dealt":2642,"minecraft:player_kills":1,"minecraft:swim_one_cm":36369,"minecraft:fly_one_cm":364932,"minecraft:open_chest":5,"minecraft:crouch_one_cm":42028,"minecraft:play_time":288956,"minecraft:deaths":5,"minecraft:sneak_time":13653,"minecraft:walk_under_water_one_cm":9052,"minecraft:jump":3237,"minecraft:walk_on_water_one_cm":16937,"minecraft:total_world_time":288956,"minecraft:interact_with_smoker":18,"minecraft:fall_one_cm":43144},"minecraft:picked_up":{"minecraft:wooden_axe":4,"minecraft:crafting_table":4,"minecraft:allium":54,"minecraft:feather":5,"minecraft:cooked_beef":1,"minecraft:chicken":2,"minecraft:wooden_pickaxe":8,"minecraft:shield":3,"minecraft:gunpowder":4,"minecraft:dirt":4583,"minecraft:string":7,"minecraft:bone":10,"minecraft:wheat_seeds":28,"minecraft:bucket":1,"minecraft:spruce_planks":173,"minecraft:stone_pickaxe":6,"minecraft:poppy":1,"minecraft:iron_pickaxe":14,"minecraft:spruce_slab":8,"minecraft:stick":13,"minecraft:raw_iron":65,"minecraft:sweet_berries":8,"minecraft:torch":18,"minecraft:dandelion":6,"minecraft:gravel":19,"minecraft:porkchop":4,"minecraft:spruce_sapling":47,"minecraft:white_bed":9,"minecraft:diorite":39,"minecraft:spruce_log":37,"minecraft:spider_eye":2,"minecraft:barrel":2,"minecraft:stone_sword":4,"minecraft:arrow":6,"minecraft:stone_shovel":4,"minecraft:rotten_flesh":19,"minecraft:diamond":1,"minecraft:granite":6,"minecraft:emerald":2,"minecraft:bread":8,"minecraft:baked_potato":2,"minecraft:oak_sapling":2,"minecraft:mutton":11,"minecraft:coal":335,"minecraft:snowball":119,"minecraft:white_wool":3,"minecraft:cobblestone":1780,"minecraft:oxeye_daisy":9},"minecraft:mined":{"minecraft:white_bed":2,"minecraft:snow_block":2,"minecraft:dandelion":2,"minecraft:powder_snow":23,"minecraft:crafting_table":3,"minecraft:torch":1,"minecraft:allium":20,"minecraft:emerald_ore":2,"minecraft:grass_block":1478,"minecraft:tall_grass":4,"minecraft:cobblestone":4,"minecraft:spruce_leaves":53,"minecraft:oxeye_daisy":2,"minecraft:diorite":2,"minecraft:wall_torch":1,"minecraft:spruce_sapling":2,"minecraft:iron_ore":34,"minecraft:barrel":1,"minecraft:sweet_berry_bush":3,"minecraft:snow":1,"minecraft:spruce_log":36,"minecraft:grass":71,"minecraft:dirt_path":3,"minecraft:coal_ore":295,"minecraft:gravel":5,"minecraft:dirt":2143,"minecraft:stone":1570},"minecraft:killed":{"minecraft:pig":1,"minecraft:zombie_villager":1,"minecraft:salmon":1,"minecraft:spider":1,"minecraft:skeleton":1,"minecraft:sheep":2,"minecraft:pillager":1,"minecraft:zombie":3,"minecraft:chicken":1},"minecraft:killed_by":{"minecraft:player":1,"minecraft:skeleton":2,"minecraft:creeper":1,"minecraft:spider":1}},"DataVersion":3465}