{"stats":{"minecraft:picked_up":{"minecraft:stripped_oak_log":14,"minecraft:crafting_table":1,"minecraft:iron_chestplate":1,"minecraft:feather":7,"minecraft:chicken":4,"minecraft:leather":4,"minecraft:oak_log":93,"minecraft:yellow_bed":1,"minecraft:shield":1,"minecraft:dirt":595,"minecraft:string":2,"minecraft:iron_axe":1,"minecraft:iron_leggings":1,"minecraft:iron_shovel":1,"minecraft:apple":2,"minecraft:wheat_seeds":2,"minecraft:bucket":3,"minecraft:spruce_planks":10,"minecraft:beef":7,"minecraft:stone_pickaxe":3,"minecraft:cooked_chicken":6,"minecraft:poppy":4,"minecraft:iron_pickaxe":1,"minecraft:iron_sword":1,"minecraft:iron_boots":1,"minecraft:furnace":1,"minecraft:stick":32,"minecraft:raw_iron":3,"minecraft:cooked_porkchop":6,"minecraft:torch":5,"minecraft:spruce_sapling":2,"minecraft:white_bed":1,"minecraft:spruce_log":31,"minecraft:spider_eye":2,"minecraft:stone_sword":2,"minecraft:stone_shovel":1,"minecraft:stone_axe":3,"minecraft:hay_block":28,"minecraft:iron_helmet":1,"minecraft:oak_sapling":14,"minecraft:coal":271,"minecraft:cobblestone":813},"minecraft:killed_by":{"minecraft:player":2,"minecraft:skeleton":1,"minecraft:stray":1,"minecraft:zombie":1},"minecraft:broken":{"minecraft:stone_pickaxe":3,"minecraft:stone_axe":1,"minecraft:stone_shovel":3,"minecraft:wooden_pickaxe":2},"minecraft:dropped":{"minecraft:poppy":2,"minecraft:dirt":128},"minecraft:killed":{"minecraft:spider":1,"minecraft:bee":1,"minecraft:chicken":3,"minecraft:cow":3},"minecraft:used":{"minecraft:stone_sword":17,"minecraft:stone_shovel":416,"minecraft:stone_pickaxe":515,"minecraft:wooden_pickaxe":118,"minecraft:cooked_chicken":2,"minecraft:torch":9,"minecraft:dirt":100,"minecraft:crafting_table":2,"minecraft:smoker":2,"minecraft:oak_log":31,"minecraft:apple":6,"minecraft:bread":2,"minecraft:spruce_sapling":1,"minecraft:barrel":1,"minecraft:stone_axe":172,"minecraft:cobblestone":247,"minecraft:oak_sapling":14,"minecraft:furnace":2,"minecraft:cooked_porkchop":2,"minecraft:yellow_bed":1,"minecraft:stripped_oak_log":1,"minecraft:cooked_beef":3},"minecraft:mined":{"minecraft:white_bed":1,"minecraft:oak_sapling":3,"minecraft:powder_snow":16,"minecraft:crafting_table":1,"minecraft:allium":1,"minecraft:grass_block":273,"minecraft:poppy":2,"minecraft:cobblestone":21,"minecraft:tall_grass":3,"minecraft:spruce_leaves":9,"minecraft:wall_torch":1,"minecraft:seagrass":1,"minecraft:hay_block":14,"minecraft:spruce_sapling":1,"minecraft:furnace":1,"minecraft:iron_ore":3,"minecraft:spruce_log":23,"minecraft:bee_nest":1,"minecraft:yellow_bed":1,"minecraft:grass":39,"minecraft:coal_ore":160,"minecraft:oak_log":72,"minecraft:stripped_oak_log":14,"minecraft:dirt":222,"minecraft:packed_ice":1,"minecraft:stone":441,"minecraft:oak_leaves":115},"minecraft:custom":{"minecraft:interact_with_furnace":6,"minecraft:mob_kills":8,"minecraft:interact_with_crafting_table":22,"minecraft:open_barrel":9,"minecraft:time_since_death":16483,"minecraft:sleep_in_bed":6,"minecraft:time_since_rest":3980,"minecraft:sprint_one_cm":266001,"minecraft:damage_taken":2431,"minecraft:walk_one_cm":469539,"minecraft:drop":4,"minecraft:damage_dealt":771,"minecraft:swim_one_cm":36502,"minecraft:fly_one_cm":274739,"minecraft:open_chest":4,"minecraft:crouch_one_cm":17067,"minecraft:play_time":113643,"minecraft:deaths":8,"minecraft:sneak_time":6326,"minecraft:walk_under_water_one_cm":13876,"minecraft:jump":2023,"minecraft:walk_on_water_one_cm":36806,"minecraft:total_world_time":113643,"minecraft:interact_with_smoker":3,"minecraft:fall_one_cm":34810},"minecraft:crafted":{"minecraft:cooked_beef":3,"minecraft:oak_slab":6,"minecraft:oak_planks":56,"minecraft:stone_shovel":3,"minecraft:barrel":1,"minecraft:crafting_table":1,"minecraft:spruce_planks":16,"minecraft:cooked_chicken":1,"minecraft:wooden_pickaxe":2,"minecraft:furnace":3,"minecraft:stone_axe":3,"minecraft:stick":28,"minecraft:iron_ingot":5,"minecraft:stone_pickaxe":5,"minecraft:stone_sword":1,"minecraft:torch":12,"minecraft:smoker":2}},"DataVersion":3465}