{"stats":{"minecraft:picked_up":{"minecraft:crafting_table":8,"minecraft:chicken":3,"minecraft:wooden_pickaxe":2,"minecraft:string":6,"minecraft:iron_axe":1,"minecraft:iron_shovel":1,"minecraft:bucket":3,"minecraft:spruce_planks":31,"minecraft:poppy":1,"minecraft:chest":2,"minecraft:furnace":1,"minecraft:stick":14,"minecraft:raw_iron":6,"minecraft:torch":16,"minecraft:diorite":25,"minecraft:carrot":19,"minecraft:redstone":16,"minecraft:stone_sword":1,"minecraft:arrow":1,"minecraft:rotten_flesh":2,"minecraft:stone_shovel":1,"minecraft:hay_block":47,"minecraft:cobblestone":361,"minecraft:mutton":5,"minecraft:snowball":21,"minecraft:white_wool":3,"minecraft:feather":10,"minecraft:potato":176,"minecraft:flint":1,"minecraft:oak_log":32,"minecraft:dirt":291,"minecraft:lantern":7,"minecraft:wheat_seeds":53,"minecraft:bell":2,"minecraft:stone_pickaxe":2,"minecraft:iron_ingot":24,"minecraft:cooked_chicken":1,"minecraft:sweet_berries":11,"minecraft:gravel":4,"minecraft:stripped_spruce_log":2,"minecraft:spruce_sapling":6,"minecraft:white_bed":5,"minecraft:spruce_log":47,"minecraft:spider_eye":1,"minecraft:diamond":2,"minecraft:spruce_boat":2,"minecraft:granite":3,"minecraft:bone_meal":11,"minecraft:baked_potato":12,"minecraft:oak_sapling":8,"minecraft:coal":190,"minecraft:diamond_pickaxe":1},"minecraft:killed_by":{"minecraft:drowned":1},"minecraft:broken":{"minecraft:wooden_pickaxe":1,"minecraft:stone_pickaxe":1},"minecraft:dropped":{"minecraft:iron_ingot":24,"minecraft:oak_log":3,"minecraft:baked_potato":10,"minecraft:cobblestone":32,"minecraft:snowball":21,"minecraft:iron_axe":1,"minecraft:iron_shovel":1,"minecraft:bucket":3,"minecraft:spruce_sapling":6,"minecraft:stone_sword":1,"minecraft:raw_iron":2,"minecraft:stone_shovel":1,"minecraft:chicken":1,"minecraft:rotten_flesh":2,"minecraft:hay_block":14,"minecraft:spruce_planks":34,"minecraft:diamond_pickaxe":1,"minecraft:stone_pickaxe":2,"minecraft:wooden_pickaxe":2},"minecraft:killed":{"minecraft:spider":1,"minecraft:skeleton":1,"minecraft:chicken":2,"minecraft:sheep":3,"minecraft:zombie":2},"minecraft:used":{"minecraft:stone_sword":64,"minecraft:spruce_planks":53,"minecraft:chest":5,"minecraft:bell":1,"minecraft:stone_hoe":99,"minecraft:cooked_chicken":1,"minecraft:torch":15,"minecraft:dirt":282,"minecraft:carrot":9,"minecraft:granite":3,"minecraft:spruce_boat":2,"minecraft:lantern":7,"minecraft:iron_helmet":1,"minecraft:iron_boots":1,"minecraft:sweet_berries":10,"minecraft:furnace":3,"minecraft:oak_sapling":8,"minecraft:potato":64,"minecraft:iron_leggings":1,"minecraft:wheat_seeds":14,"minecraft:diorite":19,"minecraft:stone_pickaxe":243,"minecraft:baked_potato":8,"minecraft:wooden_pickaxe":59,"minecraft:crafting_table":7,"minecraft:red_bed":1,"minecraft:white_bed":4,"minecraft:smoker":2,"minecraft:bread":1,"minecraft:stone_axe":135,"minecraft:cobblestone":20,"minecraft:bone_meal":1},"minecraft:custom":{"minecraft:mob_kills":10,"minecraft:interact_with_crafting_table":34,"minecraft:bell_ring":29,"minecraft:leave_game":2,"minecraft:time_since_death":98921,"minecraft:sprint_one_cm":81187,"minecraft:walk_one_cm":775015,"minecraft:drop":24,"minecraft:talked_to_villager":2,"minecraft:play_time":145896,"minecraft:deaths":2,"minecraft:sneak_time":5645,"minecraft:walk_under_water_one_cm":9751,"minecraft:boat_one_cm":206820,"minecraft:jump":1302,"minecraft:walk_on_water_one_cm":16060,"minecraft:total_world_time":145896,"minecraft:interact_with_furnace":13,"minecraft:sleep_in_bed":4,"minecraft:time_since_rest":25275,"minecraft:damage_taken":1233,"minecraft:damage_dealt":1517,"minecraft:swim_one_cm":48344,"minecraft:fly_one_cm":65598,"minecraft:player_kills":1,"minecraft:open_chest":42,"minecraft:crouch_one_cm":15523,"minecraft:interact_with_smoker":3,"minecraft:fall_one_cm":19809},"minecraft:mined":{"minecraft:spruce_planks":5,"minecraft:white_bed":4,"minecraft:oak_sapling":1,"minecraft:granite":3,"minecraft:grass_block":45,"minecraft:spruce_leaves":3,"minecraft:hay_block":33,"minecraft:furnace":1,"minecraft:carrots":10,"minecraft:iron_ore":4,"minecraft:stripped_spruce_log":1,"minecraft:bell":2,"minecraft:potatoes":112,"minecraft:lantern":7,"minecraft:stone":193,"minecraft:powder_snow":58,"minecraft:crafting_table":6,"minecraft:poppy":1,"minecraft:chest":2,"minecraft:tall_grass":4,"minecraft:cobblestone":9,"minecraft:diorite":19,"minecraft:wall_torch":4,"minecraft:wheat":21,"minecraft:sweet_berry_bush":4,"minecraft:spruce_log":35,"minecraft:grass":35,"minecraft:coal_ore":17,"minecraft:oak_log":24,"minecraft:gravel":4,"minecraft:dirt":31,"minecraft:oak_leaves":53},"minecraft:crafted":{"minecraft:oak_planks":68,"minecraft:furnace":5,"minecraft:iron_boots":1,"minecraft:stone_pickaxe":4,"minecraft:chest":3,"minecraft:spruce_boat":2,"minecraft:stone_hoe":1,"minecraft:wheat":297,"minecraft:smoker":2,"minecraft:red_dye":1,"minecraft:crafting_table":1,"minecraft:spruce_planks":128,"minecraft:wooden_pickaxe":1,"minecraft:baked_potato":9,"minecraft:iron_helmet":1,"minecraft:red_bed":1,"minecraft:stone_axe":2,"minecraft:bread":99,"minecraft:iron_chestplate":1,"minecraft:charcoal":2,"minecraft:shield":1,"minecraft:stick":36,"minecraft:iron_ingot":21,"minecraft:stone_sword":2,"minecraft:iron_leggings":1,"minecraft:torch":28}},"DataVersion":3465}