{"stats":{"minecraft:picked_up":{"minecraft:crafting_table":1,"minecraft:iron_chestplate":1,"minecraft:feather":7,"minecraft:chicken":4,"minecraft:leather":2,"minecraft:oak_log":40,"minecraft:yellow_bed":1,"minecraft:shield":1,"minecraft:dirt":554,"minecraft:string":2,"minecraft:iron_axe":1,"minecraft:iron_leggings":1,"minecraft:iron_shovel":1,"minecraft:apple":1,"minecraft:wheat_seeds":2,"minecraft:bucket":3,"minecraft:spruce_planks":10,"minecraft:stone_pickaxe":2,"minecraft:cooked_chicken":6,"minecraft:poppy":4,"minecraft:iron_pickaxe":1,"minecraft:iron_sword":1,"minecraft:iron_boots":1,"minecraft:furnace":1,"minecraft:stick":8,"minecraft:raw_iron":3,"minecraft:cooked_porkchop":6,"minecraft:torch":4,"minecraft:spruce_sapling":1,"minecraft:white_bed":1,"minecraft:spruce_log":13,"minecraft:spider_eye":2,"minecraft:stone_sword":2,"minecraft:stone_axe":2,"minecraft:hay_block":14,"minecraft:iron_helmet":1,"minecraft:oak_sapling":4,"minecraft:coal":248,"minecraft:cobblestone":658},"minecraft:killed_by":{"minecraft:player":1,"minecraft:skeleton":1,"minecraft:stray":1,"minecraft:zombie":1},"minecraft:broken":{"minecraft:stone_pickaxe":3,"minecraft:stone_shovel":2,"minecraft:wooden_pickaxe":2},"minecraft:dropped":{"minecraft:poppy":2,"minecraft:dirt":128},"minecraft:killed":{"minecraft:spider":1,"minecraft:chicken":3},"minecraft:used":{"minecraft:stone_sword":17,"minecraft:stone_shovel":380,"minecraft:stone_pickaxe":413,"minecraft:wooden_pickaxe":118,"minecraft:cooked_chicken":2,"minecraft:torch":8,"minecraft:dirt":97,"minecraft:crafting_table":2,"minecraft:smoker":1,"minecraft:apple":4,"minecraft:bread":2,"minecraft:spruce_sapling":1,"minecraft:barrel":1,"minecraft:stone_axe":31,"minecraft:cobblestone":201,"minecraft:oak_sapling":4,"minecraft:furnace":1,"minecraft:cooked_porkchop":2,"minecraft:yellow_bed":1},"minecraft:mined":{"minecraft:white_bed":1,"minecraft:oak_sapling":2,"minecraft:powder_snow":16,"minecraft:crafting_table":1,"minecraft:grass_block":273,"minecraft:poppy":2,"minecraft:cobblestone":3,"minecraft:tall_grass":3,"minecraft:spruce_leaves":1,"minecraft:seagrass":1,"minecraft:hay_block":14,"minecraft:spruce_sapling":1,"minecraft:furnace":1,"minecraft:iron_ore":3,"minecraft:spruce_log":4,"minecraft:yellow_bed":1,"minecraft:grass":36,"minecraft:coal_ore":140,"minecraft:oak_log":30,"minecraft:dirt":182,"minecraft:packed_ice":1,"minecraft:stone":378,"minecraft:oak_leaves":51},"minecraft:custom":{"minecraft:interact_with_furnace":3,"minecraft:mob_kills":4,"minecraft:interact_with_crafting_table":13,"minecraft:open_barrel":3,"minecraft:time_since_death":44613,"minecraft:sleep_in_bed":3,"minecraft:time_since_rest":17917,"minecraft:sprint_one_cm":214947,"minecraft:damage_taken":2036,"minecraft:walk_one_cm":374164,"minecraft:drop":4,"minecraft:damage_dealt":370,"minecraft:swim_one_cm":32908,"minecraft:fly_one_cm":229925,"minecraft:open_chest":4,"minecraft:crouch_one_cm":8812,"minecraft:play_time":89643,"minecraft:deaths":7,"minecraft:sneak_time":2629,"minecraft:walk_under_water_one_cm":10488,"minecraft:jump":1674,"minecraft:walk_on_water_one_cm":32460,"minecraft:total_world_time":89643,"minecraft:interact_with_smoker":1,"minecraft:fall_one_cm":27685},"minecraft:crafted":{"minecraft:oak_slab":6,"minecraft:oak_planks":56,"minecraft:stone_shovel":3,"minecraft:barrel":1,"minecraft:crafting_table":1,"minecraft:spruce_planks":16,"minecraft:cooked_chicken":1,"minecraft:wooden_pickaxe":2,"minecraft:furnace":1,"minecraft:stone_axe":2,"minecraft:stick":28,"minecraft:iron_ingot":5,"minecraft:stone_pickaxe":4,"minecraft:stone_sword":1,"minecraft:torch":12,"minecraft:smoker":1}},"DataVersion":3465}