{"stats":{"minecraft:picked_up":{"minecraft:crafting_table":1,"minecraft:torch":1,"minecraft:stripped_spruce_log":1,"minecraft:diorite":19,"minecraft:spruce_log":13,"minecraft:dirt":4,"minecraft:spruce_planks":10,"minecraft:granite":3,"minecraft:coal":7,"minecraft:cobblestone":22,"minecraft:furnace":1},"minecraft:dropped":{"minecraft:spruce_planks":9},"minecraft:used":{"minecraft:stone_pickaxe":3,"minecraft:spruce_planks":1,"minecraft:wooden_pickaxe":43,"minecraft:stone_axe":9,"minecraft:torch":3,"minecraft:dirt":2,"minecraft:crafting_table":1,"minecraft:furnace":1},"minecraft:mined":{"minecraft:spruce_planks":1,"minecraft:furnace":1,"minecraft:spruce_log":13,"minecraft:stripped_spruce_log":1,"minecraft:crafting_table":1,"minecraft:granite":3,"minecraft:grass_block":2,"minecraft:dirt":2,"minecraft:stone":22,"minecraft:diorite":19,"minecraft:wall_torch":1},"minecraft:custom":{"minecraft:time_since_rest":10525,"minecraft:interact_with_furnace":2,"minecraft:sprint_one_cm":997,"minecraft:walk_one_cm":24483,"minecraft:drop":1,"minecraft:damage_dealt":10,"minecraft:interact_with_crafting_table":4,"minecraft:fly_one_cm":91,"minecraft:crouch_one_cm":272,"minecraft:play_time":10525,"minecraft:sneak_time":371,"minecraft:jump":46,"minecraft:leave_game":2,"minecraft:time_since_death":10525,"minecraft:total_world_time":10525,"minecraft:fall_one_cm":267},"minecraft:crafted":{"minecraft:charcoal":2,"minecraft:crafting_table":1,"minecraft:spruce_planks":20,"minecraft:stick":8,"minecraft:wooden_pickaxe":1,"minecraft:stone_pickaxe":1,"minecraft:furnace":1,"minecraft:torch":8,"minecraft:stone_axe":1}},"DataVersion":3465}