{"stats":{"minecraft:picked_up":{"minecraft:crafting_table":8,"minecraft:allium":4,"minecraft:chicken":5,"minecraft:wooden_pickaxe":2,"minecraft:string":6,"minecraft:iron_axe":1,"minecraft:iron_shovel":1,"minecraft:bucket":3,"minecraft:spruce_planks":50,"minecraft:cobblestone_slab":1,"minecraft:poppy":1,"minecraft:chest":2,"minecraft:spruce_trapdoor":1,"minecraft:furnace":1,"minecraft:stick":15,"minecraft:raw_iron":6,"minecraft:torch":18,"minecraft:diorite":25,"minecraft:carrot":89,"minecraft:redstone":16,"minecraft:stone_sword":1,"minecraft:arrow":1,"minecraft:rotten_flesh":3,"minecraft:stone_shovel":1,"minecraft:hay_block":47,"minecraft:cobblestone":536,"minecraft:mutton":5,"minecraft:snowball":21,"minecraft:white_wool":3,"minecraft:feather":10,"minecraft:potato":307,"minecraft:flint":1,"minecraft:oak_log":49,"minecraft:dirt":301,"minecraft:lantern":7,"minecraft:wheat_seeds":58,"minecraft:bell":2,"minecraft:stone_pickaxe":2,"minecraft:iron_ingot":24,"minecraft:cooked_chicken":1,"minecraft:sweet_berries":11,"minecraft:gravel":4,"minecraft:stripped_spruce_log":2,"minecraft:spruce_sapling":8,"minecraft:white_bed":5,"minecraft:spruce_log":53,"minecraft:spider_eye":1,"minecraft:diamond":2,"minecraft:spruce_boat":2,"minecraft:granite":3,"minecraft:bone_meal":11,"minecraft:baked_potato":12,"minecraft:oak_sapling":20,"minecraft:coal":190,"minecraft:diamond_pickaxe":1},"minecraft:killed_by":{"minecraft:drowned":1},"minecraft:broken":{"minecraft:wooden_pickaxe":1,"minecraft:stone_pickaxe":2,"minecraft:stone_axe":1},"minecraft:dropped":{"minecraft:iron_ingot":24,"minecraft:oak_log":3,"minecraft:baked_potato":10,"minecraft:diamond":1,"minecraft:cobblestone":32,"minecraft:snowball":21,"minecraft:iron_axe":1,"minecraft:iron_shovel":1,"minecraft:bucket":3,"minecraft:spruce_sapling":6,"minecraft:stone_sword":1,"minecraft:raw_iron":2,"minecraft:stone_shovel":1,"minecraft:chicken":3,"minecraft:rotten_flesh":2,"minecraft:hay_block":14,"minecraft:spruce_planks":34,"minecraft:diamond_pickaxe":1,"minecraft:stone_pickaxe":2,"minecraft:wooden_pickaxe":2},"minecraft:killed":{"minecraft:spider":1,"minecraft:skeleton":1,"minecraft:chicken":2,"minecraft:sheep":3,"minecraft:zombie":3},"minecraft:used":{"minecraft:stone_sword":67,"minecraft:ladder":4,"minecraft:spruce_planks":76,"minecraft:chest":13,"minecraft:bell":1,"minecraft:rotten_flesh":1,"minecraft:stone_hoe":99,"minecraft:cooked_chicken":1,"minecraft:torch":29,"minecraft:dirt":286,"minecraft:carrot":69,"minecraft:granite":3,"minecraft:spruce_boat":2,"minecraft:lantern":7,"minecraft:iron_helmet":1,"minecraft:iron_boots":1,"minecraft:barrel":4,"minecraft:sweet_berries":10,"minecraft:furnace":3,"minecraft:oak_sapling":20,"minecraft:potato":135,"minecraft:iron_leggings":1,"minecraft:wheat_seeds":14,"minecraft:diorite":19,"minecraft:cobblestone_stairs":4,"minecraft:spruce_door":2,"minecraft:stone_pickaxe":428,"minecraft:baked_potato":11,"minecraft:wooden_pickaxe":59,"minecraft:cobblestone_slab":2,"minecraft:crafting_table":8,"minecraft:red_bed":1,"minecraft:white_bed":4,"minecraft:smoker":2,"minecraft:bread":4,"minecraft:spruce_trapdoor":2,"minecraft:spruce_sapling":2,"minecraft:stone_axe":186,"minecraft:cobblestone":64,"minecraft:bone_meal":11},"minecraft:custom":{"minecraft:mob_kills":11,"minecraft:interact_with_crafting_table":46,"minecraft:bell_ring":29,"minecraft:leave_game":3,"minecraft:time_since_death":144001,"minecraft:climb_one_cm":3613,"minecraft:sprint_one_cm":101468,"minecraft:walk_one_cm":1064199,"minecraft:drop":26,"minecraft:talked_to_villager":2,"minecraft:play_time":190976,"minecraft:deaths":2,"minecraft:sneak_time":6079,"minecraft:walk_under_water_one_cm":9751,"minecraft:boat_one_cm":206820,"minecraft:jump":1459,"minecraft:walk_on_water_one_cm":16494,"minecraft:total_world_time":190976,"minecraft:interact_with_furnace":13,"minecraft:sleep_in_bed":4,"minecraft:time_since_rest":70355,"minecraft:damage_taken":1421,"minecraft:damage_dealt":1676,"minecraft:swim_one_cm":48344,"minecraft:fly_one_cm":71231,"minecraft:player_kills":1,"minecraft:open_chest":57,"minecraft:crouch_one_cm":17110,"minecraft:interact_with_smoker":3,"minecraft:fall_one_cm":21646},"minecraft:mined":{"minecraft:spruce_planks":24,"minecraft:white_bed":4,"minecraft:oak_sapling":2,"minecraft:spruce_trapdoor":1,"minecraft:granite":3,"minecraft:grass_block":47,"minecraft:spruce_leaves":5,"minecraft:hay_block":33,"minecraft:furnace":1,"minecraft:carrots":30,"minecraft:iron_ore":4,"minecraft:stripped_spruce_log":1,"minecraft:bell":2,"minecraft:potatoes":154,"minecraft:cobblestone_slab":1,"minecraft:lantern":7,"minecraft:stone":365,"minecraft:powder_snow":58,"minecraft:crafting_table":6,"minecraft:poppy":1,"minecraft:chest":2,"minecraft:tall_grass":4,"minecraft:cobblestone":12,"minecraft:diorite":19,"minecraft:wall_torch":6,"minecraft:wheat":21,"minecraft:sweet_berry_bush":4,"minecraft:spruce_log":41,"minecraft:grass":44,"minecraft:coal_ore":17,"minecraft:oak_log":38,"minecraft:gravel":4,"minecraft:dirt":38,"minecraft:oak_leaves":58},"minecraft:crafted":{"minecraft:oak_planks":152,"minecraft:cobblestone_slab":6,"minecraft:barrel":4,"minecraft:furnace":5,"minecraft:cobblestone_stairs":4,"minecraft:iron_boots":1,"minecraft:ladder":6,"minecraft:stone_pickaxe":5,"minecraft:chest":11,"minecraft:spruce_boat":2,"minecraft:stone_hoe":1,"minecraft:wheat":297,"minecraft:smoker":2,"minecraft:red_dye":1,"minecraft:oak_slab":18,"minecraft:crafting_table":1,"minecraft:spruce_planks":152,"minecraft:wooden_pickaxe":1,"minecraft:baked_potato":9,"minecraft:iron_helmet":1,"minecraft:spruce_door":3,"minecraft:red_bed":1,"minecraft:stone_axe":3,"minecraft:bread":99,"minecraft:spruce_trapdoor":2,"minecraft:iron_chestplate":1,"minecraft:charcoal":2,"minecraft:shield":1,"minecraft:stick":36,"minecraft:iron_ingot":21,"minecraft:stone_sword":2,"minecraft:iron_leggings":1,"minecraft:torch":28}},"DataVersion":3465}