{"stats":{"minecraft:used":{"minecraft:stone_sword":146,"minecraft:iron_shovel":2390,"minecraft:stone_shovel":1862,"minecraft:chest":2,"minecraft:shield":29,"minecraft:stone":59,"minecraft:cooked_chicken":1,"minecraft:rotten_flesh":8,"minecraft:torch":20,"minecraft:dirt":1201,"minecraft:allium":4,"minecraft:snowball":47,"minecraft:wooden_axe":39,"minecraft:barrel":4,"minecraft:sweet_berries":4,"minecraft:furnace":3,"minecraft:oak_sapling":2,"minecraft:cooked_beef":3,"minecraft:cooked_mutton":3,"minecraft:diorite":2,"minecraft:stone_pickaxe":266,"minecraft:baked_potato":5,"minecraft:wooden_pickaxe":75,"minecraft:spruce_sign":2,"minecraft:crafting_table":4,"minecraft:white_bed":2,"minecraft:spruce_log":2,"minecraft:apple":6,"minecraft:oxeye_daisy":7,"minecraft:bread":29,"minecraft:iron_pickaxe":2444,"minecraft:gravel":4,"minecraft:spruce_sapling":20,"minecraft:cobblestone":86,"minecraft:cooked_porkchop":1,"minecraft:dandelion":1,"minecraft:bone_meal":7},"minecraft:dropped":{"minecraft:wheat_seeds":1,"minecraft:diamond":1,"minecraft:apple":2,"minecraft:dirt":448,"minecraft:snowball":17,"minecraft:bone_meal":11,"minecraft:white_wool":1,"minecraft:dandelion":5,"minecraft:sweet_berries":3,"minecraft:cooked_chicken":1,"minecraft:white_bed":1,"minecraft:allium":21},"minecraft:crafted":{"minecraft:stone_shovel":14,"minecraft:barrel":3,"minecraft:cooked_chicken":4,"minecraft:furnace":3,"minecraft:stone":63,"minecraft:bone_meal":18,"minecraft:cooked_mutton":3,"minecraft:spruce_slab":6,"minecraft:stone_pickaxe":2,"minecraft:chest":2,"minecraft:cooked_beef":2,"minecraft:cooked_porkchop":1,"minecraft:spruce_sign":3,"minecraft:crafting_table":3,"minecraft:spruce_planks":132,"minecraft:wooden_pickaxe":1,"minecraft:baked_potato":21,"minecraft:bucket":1,"minecraft:shield":1,"minecraft:stick":84,"minecraft:iron_pickaxe":10,"minecraft:iron_ingot":60,"minecraft:wooden_axe":1,"minecraft:stone_sword":1,"minecraft:iron_shovel":10,"minecraft:torch":52},"minecraft:broken":{"minecraft:iron_shovel":9,"minecraft:stone_sword":1,"minecraft:wooden_pickaxe":1,"minecraft:stone_pickaxe":2,"minecraft:iron_pickaxe":11,"minecraft:stone_shovel":14},"minecraft:custom":{"minecraft:mob_kills":22,"minecraft:interact_with_crafting_table":50,"minecraft:open_barrel":84,"minecraft:leave_game":3,"minecraft:time_since_death":37773,"minecraft:sprint_one_cm":680517,"minecraft:walk_one_cm":1115436,"minecraft:damage_blocked_by_shield":2465,"minecraft:drop":56,"minecraft:talked_to_villager":1,"minecraft:play_time":348956,"minecraft:deaths":8,"minecraft:sneak_time":15481,"minecraft:walk_under_water_one_cm":9052,"minecraft:jump":3846,"minecraft:walk_on_water_one_cm":16937,"minecraft:total_world_time":348956,"minecraft:interact_with_furnace":51,"minecraft:sleep_in_bed":7,"minecraft:time_since_rest":24017,"minecraft:damage_taken":4628,"minecraft:damage_dealt":3706,"minecraft:swim_one_cm":36369,"minecraft:fly_one_cm":445206,"minecraft:player_kills":1,"minecraft:open_chest":7,"minecraft:crouch_one_cm":46148,"minecraft:interact_with_smoker":18,"minecraft:fall_one_cm":59279},"minecraft:picked_up":{"minecraft:wooden_axe":4,"minecraft:crafting_table":4,"minecraft:allium":60,"minecraft:chicken":2,"minecraft:wooden_pickaxe":8,"minecraft:shield":6,"minecraft:string":7,"minecraft:iron_shovel":3,"minecraft:bucket":1,"minecraft:spruce_planks":278,"minecraft:poppy":1,"minecraft:iron_pickaxe":20,"minecraft:spruce_slab":8,"minecraft:raw_iron":80,"minecraft:stick":22,"minecraft:torch":81,"minecraft:porkchop":4,"minecraft:diorite":39,"minecraft:rotten_flesh":33,"minecraft:arrow":8,"minecraft:stone_sword":4,"minecraft:stone_shovel":4,"minecraft:mutton":11,"minecraft:snowball":119,"minecraft:white_wool":3,"minecraft:cobblestone":2875,"minecraft:oxeye_daisy":11,"minecraft:feather":5,"minecraft:cooked_beef":1,"minecraft:gunpowder":4,"minecraft:dirt":5312,"minecraft:cooked_mutton":3,"minecraft:bone":11,"minecraft:wheat_seeds":33,"minecraft:iron_ingot":8,"minecraft:stone_pickaxe":6,"minecraft:sweet_berries":8,"minecraft:dandelion":6,"minecraft:gravel":38,"minecraft:spruce_sapling":57,"minecraft:white_bed":12,"minecraft:spruce_log":38,"minecraft:barrel":2,"minecraft:spider_eye":2,"minecraft:diamond":1,"minecraft:granite":6,"minecraft:spruce_sign":2,"minecraft:bread":74,"minecraft:emerald":2,"minecraft:baked_potato":2,"minecraft:oak_sapling":2,"minecraft:coal":351},"minecraft:mined":{"minecraft:white_bed":2,"minecraft:allium":20,"minecraft:grass_block":1832,"minecraft:spruce_leaves":58,"minecraft:oxeye_daisy":3,"minecraft:spruce_sapling":3,"minecraft:iron_ore":48,"minecraft:barrel":1,"minecraft:snow":1,"minecraft:dirt_path":3,"minecraft:stone":2341,"minecraft:snow_block":2,"minecraft:dandelion":2,"minecraft:powder_snow":23,"minecraft:crafting_table":3,"minecraft:torch":1,"minecraft:emerald_ore":2,"minecraft:tall_grass":5,"minecraft:cobblestone":9,"minecraft:diorite":2,"minecraft:wall_torch":1,"minecraft:sweet_berry_bush":3,"minecraft:spruce_log":36,"minecraft:grass":87,"minecraft:coal_ore":302,"minecraft:gravel":13,"minecraft:dirt":2316},"minecraft:killed":{"minecraft:spider":1,"minecraft:skeleton":1,"minecraft:chicken":1,"minecraft:pig":1,"minecraft:zombie_villager":1,"minecraft:salmon":1,"minecraft:sheep":2,"minecraft:pillager":1,"minecraft:zombie":8},"minecraft:killed_by":{"minecraft:player":1,"minecraft:creeper":1,"minecraft:spider":1,"minecraft:skeleton":4,"minecraft:zombie":1}},"DataVersion":3465}