{"stats":{"minecraft:picked_up":{"minecraft:crafting_table":2,"minecraft:feather":1,"minecraft:chicken":2,"minecraft:wooden_pickaxe":3,"minecraft:dirt":47,"minecraft:wheat_seeds":1,"minecraft:spruce_planks":25,"minecraft:stone_pickaxe":1,"minecraft:stick":4,"minecraft:raw_iron":9,"minecraft:sweet_berries":8,"minecraft:torch":1,"minecraft:spruce_sapling":13,"minecraft:diorite":5,"minecraft:spruce_log":17,"minecraft:stone_sword":1,"minecraft:rotten_flesh":4,"minecraft:coal":146,"minecraft:snowball":84,"minecraft:cobblestone":121},"minecraft:killed_by":{"minecraft:spider":1},"minecraft:broken":{"minecraft:stone_pickaxe":1,"minecraft:wooden_pickaxe":1},"minecraft:dropped":{"minecraft:sweet_berries":3,"minecraft:cooked_chicken":1},"minecraft:killed":{"minecraft:chicken":1},"minecraft:used":{"minecraft:diorite":2,"minecraft:stone_sword":13,"minecraft:stone_shovel":53,"minecraft:stone_pickaxe":169,"minecraft:wooden_pickaxe":75,"minecraft:cooked_chicken":1,"minecraft:rotten_flesh":2,"minecraft:torch":3,"minecraft:dirt":8,"minecraft:crafting_table":3,"minecraft:snowball":37,"minecraft:spruce_log":1,"minecraft:iron_pickaxe":5,"minecraft:spruce_sapling":1,"minecraft:barrel":1,"minecraft:cobblestone":75,"minecraft:sweet_berries":4,"minecraft:furnace":1,"minecraft:cooked_beef":1},"minecraft:mined":{"minecraft:snow_block":2,"minecraft:powder_snow":23,"minecraft:crafting_table":1,"minecraft:grass_block":1,"minecraft:cobblestone":2,"minecraft:spruce_leaves":4,"minecraft:diorite":2,"minecraft:wall_torch":1,"minecraft:iron_ore":6,"minecraft:snow":1,"minecraft:sweet_berry_bush":3,"minecraft:spruce_log":17,"minecraft:grass":1,"minecraft:coal_ore":140,"minecraft:dirt":41,"minecraft:stone":81},"minecraft:custom":{"minecraft:interact_with_furnace":21,"minecraft:mob_kills":3,"minecraft:interact_with_crafting_table":14,"minecraft:open_barrel":16,"minecraft:leave_game":1,"minecraft:time_since_death":36515,"minecraft:sleep_in_bed":1,"minecraft:time_since_rest":10251,"minecraft:sprint_one_cm":95928,"minecraft:damage_taken":434,"minecraft:walk_one_cm":173471,"minecraft:drop":4,"minecraft:damage_dealt":323,"minecraft:swim_one_cm":14958,"minecraft:fly_one_cm":103905,"minecraft:crouch_one_cm":11074,"minecraft:play_time":64920,"minecraft:deaths":1,"minecraft:sneak_time":4309,"minecraft:walk_under_water_one_cm":2580,"minecraft:jump":900,"minecraft:walk_on_water_one_cm":13775,"minecraft:total_world_time":64920,"minecraft:interact_with_smoker":8,"minecraft:fall_one_cm":12381},"minecraft:crafted":{"minecraft:cooked_beef":1,"minecraft:stone_shovel":1,"minecraft:barrel":1,"minecraft:crafting_table":2,"minecraft:spruce_planks":52,"minecraft:wooden_pickaxe":1,"minecraft:cooked_chicken":4,"minecraft:furnace":1,"minecraft:shield":1,"minecraft:stick":16,"minecraft:spruce_slab":6,"minecraft:iron_ingot":6,"minecraft:iron_pickaxe":1,"minecraft:stone_pickaxe":2,"minecraft:stone_sword":1,"minecraft:torch":16}},"DataVersion":3465}