{"stats":{"minecraft:picked_up":{"minecraft:wooden_axe":1,"minecraft:crafting_table":4,"minecraft:allium":17,"minecraft:feather":5,"minecraft:chicken":2,"minecraft:wooden_pickaxe":5,"minecraft:shield":1,"minecraft:gunpowder":4,"minecraft:string":4,"minecraft:dirt":785,"minecraft:bone":8,"minecraft:wheat_seeds":11,"minecraft:bucket":1,"minecraft:spruce_planks":26,"minecraft:stone_pickaxe":3,"minecraft:poppy":1,"minecraft:iron_pickaxe":5,"minecraft:spruce_slab":8,"minecraft:stick":8,"minecraft:raw_iron":17,"minecraft:sweet_berries":8,"minecraft:torch":1,"minecraft:dandelion":6,"minecraft:porkchop":1,"minecraft:gravel":14,"minecraft:spruce_sapling":32,"minecraft:white_bed":5,"minecraft:diorite":39,"minecraft:spruce_log":31,"minecraft:spider_eye":2,"minecraft:barrel":2,"minecraft:stone_sword":2,"minecraft:arrow":5,"minecraft:stone_shovel":1,"minecraft:rotten_flesh":9,"minecraft:diamond":1,"minecraft:granite":6,"minecraft:baked_potato":2,"minecraft:mutton":4,"minecraft:coal":157,"minecraft:snowball":119,"minecraft:white_wool":2,"minecraft:cobblestone":195,"minecraft:oxeye_daisy":2},"minecraft:killed_by":{"minecraft:player":1,"minecraft:spider":1},"minecraft:broken":{"minecraft:stone_pickaxe":1,"minecraft:stone_shovel":5,"minecraft:wooden_pickaxe":1},"minecraft:dropped":{"minecraft:sweet_berries":3,"minecraft:cooked_chicken":1,"minecraft:diamond":1,"minecraft:white_bed":1,"minecraft:snowball":1,"minecraft:white_wool":1},"minecraft:killed":{"minecraft:pig":1,"minecraft:salmon":1,"minecraft:spider":1,"minecraft:sheep":1,"minecraft:chicken":1},"minecraft:used":{"minecraft:diorite":2,"minecraft:stone_sword":73,"minecraft:stone_shovel":727,"minecraft:stone_pickaxe":237,"minecraft:baked_potato":5,"minecraft:shield":6,"minecraft:wooden_pickaxe":75,"minecraft:cooked_chicken":1,"minecraft:rotten_flesh":2,"minecraft:torch":6,"minecraft:dirt":521,"minecraft:crafting_table":4,"minecraft:allium":2,"minecraft:white_bed":1,"minecraft:snowball":47,"minecraft:spruce_log":1,"minecraft:wooden_axe":31,"minecraft:bread":6,"minecraft:iron_pickaxe":7,"minecraft:spruce_sapling":11,"minecraft:barrel":2,"minecraft:cobblestone":75,"minecraft:sweet_berries":4,"minecraft:furnace":1,"minecraft:cooked_beef":2,"minecraft:dandelion":1,"minecraft:bone_meal":7},"minecraft:mined":{"minecraft:white_bed":1,"minecraft:snow_block":2,"minecraft:dandelion":2,"minecraft:powder_snow":23,"minecraft:crafting_table":3,"minecraft:allium":13,"minecraft:grass_block":385,"minecraft:tall_grass":4,"minecraft:cobblestone":2,"minecraft:spruce_leaves":18,"minecraft:diorite":2,"minecraft:wall_torch":1,"minecraft:spruce_sapling":1,"minecraft:barrel":1,"minecraft:iron_ore":13,"minecraft:snow":1,"minecraft:sweet_berry_bush":3,"minecraft:spruce_log":30,"minecraft:grass":24,"minecraft:coal_ore":152,"minecraft:dirt":333,"minecraft:stone":130},"minecraft:custom":{"minecraft:interact_with_furnace":25,"minecraft:mob_kills":7,"minecraft:interact_with_crafting_table":24,"minecraft:open_barrel":28,"minecraft:leave_game":1,"minecraft:time_since_death":44170,"minecraft:sleep_in_bed":3,"minecraft:time_since_rest":32467,"minecraft:sprint_one_cm":228547,"minecraft:damage_taken":1261,"minecraft:walk_one_cm":365450,"minecraft:damage_blocked_by_shield":345,"minecraft:drop":8,"minecraft:damage_dealt":1225,"minecraft:player_kills":1,"minecraft:swim_one_cm":28377,"minecraft:fly_one_cm":214211,"minecraft:open_chest":4,"minecraft:crouch_one_cm":29237,"minecraft:play_time":124920,"minecraft:deaths":2,"minecraft:sneak_time":9702,"minecraft:walk_under_water_one_cm":7067,"minecraft:jump":1653,"minecraft:walk_on_water_one_cm":16700,"minecraft:total_world_time":124920,"minecraft:interact_with_smoker":18,"minecraft:fall_one_cm":21274},"minecraft:crafted":{"minecraft:cooked_beef":2,"minecraft:stone_shovel":6,"minecraft:barrel":1,"minecraft:crafting_table":3,"minecraft:spruce_planks":108,"minecraft:baked_potato":21,"minecraft:wooden_pickaxe":1,"minecraft:cooked_chicken":4,"minecraft:furnace":1,"minecraft:bone_meal":12,"minecraft:bucket":1,"minecraft:shield":1,"minecraft:stick":28,"minecraft:spruce_slab":6,"minecraft:iron_ingot":13,"minecraft:iron_pickaxe":1,"minecraft:stone_pickaxe":2,"minecraft:wooden_axe":1,"minecraft:stone_sword":1,"minecraft:torch":24}},"DataVersion":3465}