{"stats":{"minecraft:picked_up":{"minecraft:raw_iron":4,"minecraft:stick":4,"minecraft:crafting_table":1,"minecraft:chicken":2,"minecraft:feather":1,"minecraft:sweet_berries":8,"minecraft:torch":1,"minecraft:wooden_pickaxe":3,"minecraft:spruce_sapling":13,"minecraft:diorite":5,"minecraft:spruce_log":10,"minecraft:dirt":8,"minecraft:stone_sword":1,"minecraft:rotten_flesh":4,"minecraft:spruce_planks":25,"minecraft:stone_pickaxe":1,"minecraft:coal":55,"minecraft:snowball":74,"minecraft:cobblestone":79},"minecraft:killed_by":{"minecraft:spider":1},"minecraft:dropped":{"minecraft:sweet_berries":3,"minecraft:cooked_chicken":1},"minecraft:killed":{"minecraft:chicken":1},"minecraft:used":{"minecraft:diorite":2,"minecraft:stone_sword":13,"minecraft:stone_pickaxe":89,"minecraft:wooden_pickaxe":18,"minecraft:spruce_sapling":1,"minecraft:rotten_flesh":2,"minecraft:torch":2,"minecraft:dirt":8,"minecraft:cobblestone":21,"minecraft:crafting_table":1,"minecraft:sweet_berries":4,"minecraft:furnace":1,"minecraft:snowball":37,"minecraft:spruce_log":1},"minecraft:mined":{"minecraft:iron_ore":2,"minecraft:sweet_berry_bush":3,"minecraft:spruce_log":10,"minecraft:powder_snow":1,"minecraft:coal_ore":54,"minecraft:dirt":3,"minecraft:stone":45,"minecraft:diorite":2,"minecraft:wall_torch":1},"minecraft:custom":{"minecraft:time_since_rest":6604,"minecraft:interact_with_furnace":10,"minecraft:sprint_one_cm":49984,"minecraft:damage_taken":405,"minecraft:walk_one_cm":76800,"minecraft:mob_kills":3,"minecraft:drop":4,"minecraft:damage_dealt":313,"minecraft:swim_one_cm":14958,"minecraft:interact_with_crafting_table":4,"minecraft:fly_one_cm":61147,"minecraft:crouch_one_cm":2392,"minecraft:play_time":34920,"minecraft:deaths":1,"minecraft:sneak_time":1855,"minecraft:walk_under_water_one_cm":2580,"minecraft:jump":522,"minecraft:leave_game":1,"minecraft:walk_on_water_one_cm":13775,"minecraft:time_since_death":6515,"minecraft:total_world_time":34920,"minecraft:fall_one_cm":6804},"minecraft:crafted":{"minecraft:crafting_table":1,"minecraft:spruce_planks":24,"minecraft:stick":8,"minecraft:iron_ingot":1,"minecraft:wooden_pickaxe":1,"minecraft:cooked_chicken":1,"minecraft:stone_pickaxe":1,"minecraft:stone_sword":1,"minecraft:furnace":1,"minecraft:torch":8}},"DataVersion":3465}