{"stats":{"minecraft:picked_up":{"minecraft:crafting_table":7,"minecraft:feather":9,"minecraft:chicken":1,"minecraft:wooden_pickaxe":2,"minecraft:potato":176,"minecraft:dirt":31,"minecraft:string":6,"minecraft:lantern":7,"minecraft:iron_axe":1,"minecraft:iron_shovel":1,"minecraft:wheat_seeds":44,"minecraft:bucket":3,"minecraft:bell":2,"minecraft:spruce_planks":27,"minecraft:iron_ingot":24,"minecraft:stone_pickaxe":1,"minecraft:cooked_chicken":1,"minecraft:chest":2,"minecraft:furnace":1,"minecraft:stick":10,"minecraft:raw_iron":5,"minecraft:sweet_berries":9,"minecraft:torch":12,"minecraft:white_bed":3,"minecraft:stripped_spruce_log":2,"minecraft:spruce_sapling":6,"minecraft:carrot":18,"minecraft:diorite":25,"minecraft:spruce_log":47,"minecraft:redstone":16,"minecraft:spider_eye":1,"minecraft:stone_sword":1,"minecraft:diamond":2,"minecraft:rotten_flesh":2,"minecraft:spruce_boat":2,"minecraft:hay_block":33,"minecraft:granite":3,"minecraft:baked_potato":12,"minecraft:coal":184,"minecraft:snowball":21,"minecraft:cobblestone":349,"minecraft:diamond_pickaxe":1},"minecraft:killed_by":{"minecraft:drowned":1},"minecraft:broken":{"minecraft:stone_pickaxe":1,"minecraft:wooden_pickaxe":1},"minecraft:dropped":{"minecraft:iron_ingot":24,"minecraft:baked_potato":10,"minecraft:stone_sword":1,"minecraft:raw_iron":2,"minecraft:chicken":1,"minecraft:cobblestone":32,"minecraft:rotten_flesh":2,"minecraft:diamond_pickaxe":1,"minecraft:spruce_planks":34,"minecraft:snowball":21,"minecraft:iron_axe":1,"minecraft:wooden_pickaxe":2,"minecraft:stone_pickaxe":1,"minecraft:iron_shovel":1,"minecraft:spruce_sapling":6},"minecraft:killed":{"minecraft:spider":1,"minecraft:zombie":2},"minecraft:used":{"minecraft:diorite":19,"minecraft:stone_sword":40,"minecraft:stone_pickaxe":218,"minecraft:baked_potato":4,"minecraft:chest":2,"minecraft:spruce_planks":2,"minecraft:wooden_pickaxe":59,"minecraft:bell":1,"minecraft:cooked_chicken":1,"minecraft:torch":6,"minecraft:dirt":7,"minecraft:crafting_table":5,"minecraft:white_bed":2,"minecraft:granite":3,"minecraft:spruce_boat":2,"minecraft:lantern":3,"minecraft:iron_helmet":1,"minecraft:iron_boots":1,"minecraft:stone_axe":43,"minecraft:cobblestone":20,"minecraft:sweet_berries":7,"minecraft:furnace":1,"minecraft:iron_leggings":1},"minecraft:mined":{"minecraft:spruce_planks":1,"minecraft:white_bed":2,"minecraft:powder_snow":58,"minecraft:crafting_table":5,"minecraft:granite":3,"minecraft:grass_block":11,"minecraft:chest":2,"minecraft:cobblestone":9,"minecraft:spruce_leaves":3,"minecraft:diorite":19,"minecraft:wall_torch":4,"minecraft:hay_block":33,"minecraft:furnace":1,"minecraft:carrots":9,"minecraft:iron_ore":3,"minecraft:wheat":21,"minecraft:sweet_berry_bush":3,"minecraft:spruce_log":35,"minecraft:stripped_spruce_log":1,"minecraft:bell":2,"minecraft:grass":8,"minecraft:potatoes":112,"minecraft:coal_ore":11,"minecraft:lantern":7,"minecraft:dirt":18,"minecraft:stone":181},"minecraft:custom":{"minecraft:interact_with_furnace":13,"minecraft:mob_kills":4,"minecraft:interact_with_crafting_table":18,"minecraft:bell_ring":29,"minecraft:leave_game":2,"minecraft:time_since_death":38921,"minecraft:sleep_in_bed":2,"minecraft:time_since_rest":13512,"minecraft:sprint_one_cm":40549,"minecraft:damage_taken":901,"minecraft:walk_one_cm":380676,"minecraft:drop":19,"minecraft:damage_dealt":766,"minecraft:swim_one_cm":47557,"minecraft:talked_to_villager":1,"minecraft:fly_one_cm":45537,"minecraft:open_chest":10,"minecraft:crouch_one_cm":5811,"minecraft:play_time":85896,"minecraft:deaths":2,"minecraft:sneak_time":2530,"minecraft:walk_under_water_one_cm":9594,"minecraft:boat_one_cm":206820,"minecraft:jump":847,"minecraft:walk_on_water_one_cm":11044,"minecraft:interact_with_smoker":3,"minecraft:total_world_time":85896,"minecraft:fall_one_cm":12652},"minecraft:crafted":{"minecraft:crafting_table":1,"minecraft:spruce_planks":92,"minecraft:baked_potato":9,"minecraft:iron_helmet":1,"minecraft:wooden_pickaxe":1,"minecraft:furnace":1,"minecraft:stone_axe":2,"minecraft:iron_boots":1,"minecraft:iron_chestplate":1,"minecraft:charcoal":2,"minecraft:shield":1,"minecraft:stick":36,"minecraft:iron_ingot":21,"minecraft:stone_pickaxe":4,"minecraft:stone_sword":2,"minecraft:chest":1,"minecraft:iron_leggings":1,"minecraft:spruce_boat":2,"minecraft:torch":28}},"DataVersion":3465}