{"stats":{"minecraft:picked_up":{"minecraft:stick":4,"minecraft:crafting_table":1,"minecraft:wooden_pickaxe":1,"minecraft:spruce_sapling":6,"minecraft:diorite":5,"minecraft:spruce_log":6,"minecraft:dirt":3,"minecraft:coal":15,"minecraft:cobblestone":23},"minecraft:used":{"minecraft:diorite":2,"minecraft:dirt":3,"minecraft:stone_pickaxe":23,"minecraft:wooden_pickaxe":18,"minecraft:spruce_sapling":1},"minecraft:mined":{"minecraft:coal_ore":15,"minecraft:dirt":3,"minecraft:spruce_log":6,"minecraft:stone":23,"minecraft:diorite":2},"minecraft:custom":{"minecraft:time_since_rest":10920,"minecraft:crouch_one_cm":44,"minecraft:interact_with_furnace":3,"minecraft:play_time":10920,"minecraft:sprint_one_cm":7560,"minecraft:walk_one_cm":18767,"minecraft:sneak_time":15,"minecraft:jump":63,"minecraft:leave_game":1,"minecraft:time_since_death":10920,"minecraft:total_world_time":10920,"minecraft:fall_one_cm":480,"minecraft:interact_with_crafting_table":2,"minecraft:fly_one_cm":3642},"minecraft:crafted":{"minecraft:stone_sword":1,"minecraft:spruce_planks":24,"minecraft:stick":8,"minecraft:wooden_pickaxe":1,"minecraft:stone_pickaxe":1}},"DataVersion":3465}