{"stats":{"minecraft:picked_up":{"minecraft:crafting_table":4,"minecraft:feather":3,"minecraft:chicken":2,"minecraft:wooden_pickaxe":4,"minecraft:gunpowder":2,"minecraft:dirt":53,"minecraft:bone":4,"minecraft:wheat_seeds":2,"minecraft:spruce_planks":25,"minecraft:stone_pickaxe":2,"minecraft:iron_pickaxe":2,"minecraft:spruce_slab":4,"minecraft:stick":4,"minecraft:raw_iron":9,"minecraft:sweet_berries":8,"minecraft:torch":1,"minecraft:gravel":7,"minecraft:spruce_sapling":19,"minecraft:white_bed":2,"minecraft:diorite":22,"minecraft:spruce_log":17,"minecraft:barrel":1,"minecraft:stone_sword":1,"minecraft:arrow":3,"minecraft:rotten_flesh":4,"minecraft:diamond":1,"minecraft:granite":3,"minecraft:baked_potato":2,"minecraft:coal":146,"minecraft:snowball":101,"minecraft:cobblestone":134},"minecraft:killed_by":{"minecraft:spider":1},"minecraft:broken":{"minecraft:stone_pickaxe":1,"minecraft:wooden_pickaxe":1},"minecraft:dropped":{"minecraft:sweet_berries":3,"minecraft:cooked_chicken":1,"minecraft:diamond":1},"minecraft:killed":{"minecraft:chicken":1},"minecraft:used":{"minecraft:diorite":2,"minecraft:stone_sword":13,"minecraft:stone_shovel":53,"minecraft:stone_pickaxe":189,"minecraft:baked_potato":1,"minecraft:wooden_pickaxe":75,"minecraft:cooked_chicken":1,"minecraft:rotten_flesh":2,"minecraft:torch":3,"minecraft:dirt":8,"minecraft:crafting_table":3,"minecraft:snowball":46,"minecraft:spruce_log":1,"minecraft:wooden_axe":5,"minecraft:iron_pickaxe":7,"minecraft:spruce_sapling":1,"minecraft:barrel":1,"minecraft:cobblestone":75,"minecraft:sweet_berries":4,"minecraft:furnace":1,"minecraft:cooked_beef":2},"minecraft:mined":{"minecraft:white_bed":1,"minecraft:snow_block":2,"minecraft:powder_snow":23,"minecraft:crafting_table":3,"minecraft:grass_block":1,"minecraft:cobblestone":2,"minecraft:spruce_leaves":4,"minecraft:diorite":2,"minecraft:wall_torch":1,"minecraft:barrel":1,"minecraft:iron_ore":6,"minecraft:snow":1,"minecraft:sweet_berry_bush":3,"minecraft:spruce_log":17,"minecraft:grass":1,"minecraft:coal_ore":140,"minecraft:dirt":41,"minecraft:stone":103},"minecraft:custom":{"minecraft:interact_with_furnace":25,"minecraft:mob_kills":3,"minecraft:interact_with_crafting_table":17,"minecraft:open_barrel":26,"minecraft:leave_game":1,"minecraft:time_since_death":48515,"minecraft:sleep_in_bed":2,"minecraft:time_since_rest":1066,"minecraft:sprint_one_cm":100127,"minecraft:damage_taken":500,"minecraft:walk_one_cm":205039,"minecraft:drop":5,"minecraft:damage_dealt":393,"minecraft:swim_one_cm":14958,"minecraft:fly_one_cm":105618,"minecraft:open_chest":1,"minecraft:crouch_one_cm":11382,"minecraft:play_time":76920,"minecraft:deaths":1,"minecraft:sneak_time":4424,"minecraft:walk_under_water_one_cm":2580,"minecraft:jump":917,"minecraft:walk_on_water_one_cm":13775,"minecraft:total_world_time":76920,"minecraft:interact_with_smoker":18,"minecraft:fall_one_cm":12950},"minecraft:crafted":{"minecraft:cooked_beef":2,"minecraft:stone_shovel":1,"minecraft:barrel":1,"minecraft:crafting_table":2,"minecraft:spruce_planks":52,"minecraft:baked_potato":21,"minecraft:wooden_pickaxe":1,"minecraft:cooked_chicken":4,"minecraft:furnace":1,"minecraft:bucket":1,"minecraft:shield":1,"minecraft:stick":20,"minecraft:spruce_slab":6,"minecraft:iron_ingot":13,"minecraft:iron_pickaxe":1,"minecraft:stone_pickaxe":2,"minecraft:wooden_axe":1,"minecraft:stone_sword":1,"minecraft:torch":16}},"DataVersion":3465}