{"stats":{"minecraft:broken":{"minecraft:stone_sword":1,"minecraft:wooden_pickaxe":1,"minecraft:stone_pickaxe":3,"minecraft:stone_axe":2},"minecraft:picked_up":{"minecraft:crafting_table":8,"minecraft:allium":4,"minecraft:ladder":1,"minecraft:chicken":5,"minecraft:lead":4,"minecraft:wooden_pickaxe":2,"minecraft:iron_axe":1,"minecraft:string":6,"minecraft:cooked_salmon":7,"minecraft:iron_shovel":1,"minecraft:bucket":3,"minecraft:spruce_planks":50,"minecraft:cobblestone_slab":1,"minecraft:poppy":1,"minecraft:chest":2,"minecraft:spruce_trapdoor":1,"minecraft:furnace":1,"minecraft:stick":23,"minecraft:raw_iron":6,"minecraft:torch":23,"minecraft:cherry_log":8,"minecraft:diorite":25,"minecraft:carrot":89,"minecraft:redstone":16,"minecraft:stone_sword":1,"minecraft:arrow":1,"minecraft:rotten_flesh":7,"minecraft:stone_shovel":1,"minecraft:hay_block":47,"minecraft:mutton":5,"minecraft:cobblestone":594,"minecraft:snowball":21,"minecraft:white_wool":3,"minecraft:pink_petals":15,"minecraft:feather":10,"minecraft:salmon":12,"minecraft:potato":309,"minecraft:flint":1,"minecraft:oak_log":126,"minecraft:lantern":7,"minecraft:dirt":321,"minecraft:apple":3,"minecraft:wheat_seeds":60,"minecraft:bell":2,"minecraft:stone_pickaxe":2,"minecraft:iron_ingot":24,"minecraft:cooked_chicken":1,"minecraft:pumpkin":8,"minecraft:sweet_berries":11,"minecraft:stone_brick_slab":1,"minecraft:gravel":4,"minecraft:stripped_spruce_log":2,"minecraft:spruce_sapling":8,"minecraft:white_bed":5,"minecraft:spruce_log":53,"minecraft:spider_eye":1,"minecraft:diamond":2,"minecraft:spruce_boat":2,"minecraft:granite":3,"minecraft:bone_meal":11,"minecraft:baked_potato":12,"minecraft:oak_sapling":26,"minecraft:coal":190,"minecraft:diamond_pickaxe":1},"minecraft:killed_by":{"minecraft:drowned":1},"minecraft:dropped":{"minecraft:iron_ingot":24,"minecraft:oak_log":3,"minecraft:baked_potato":10,"minecraft:diamond":1,"minecraft:cobblestone":32,"minecraft:lead":1,"minecraft:cooked_salmon":7,"minecraft:snowball":21,"minecraft:iron_axe":1,"minecraft:iron_shovel":1,"minecraft:bucket":3,"minecraft:spruce_sapling":6,"minecraft:stone_sword":1,"minecraft:stone_shovel":1,"minecraft:raw_iron":2,"minecraft:chicken":3,"minecraft:rotten_flesh":6,"minecraft:carrot":27,"minecraft:hay_block":14,"minecraft:spruce_planks":34,"minecraft:diamond_pickaxe":1,"minecraft:wooden_pickaxe":2,"minecraft:stone_pickaxe":2},"minecraft:used":{"minecraft:stone_sword":138,"minecraft:flint_and_steel":7,"minecraft:ladder":44,"minecraft:chest":13,"minecraft:spruce_planks":76,"minecraft:shield":23,"minecraft:cooked_chicken":1,"minecraft:rotten_flesh":1,"minecraft:stone_hoe":105,"minecraft:bell":1,"minecraft:torch":50,"minecraft:dirt":299,"minecraft:carrot":96,"minecraft:granite":3,"minecraft:spruce_boat":2,"minecraft:stone_brick_slab":1,"minecraft:lantern":7,"minecraft:iron_boots":1,"minecraft:iron_helmet":1,"minecraft:barrel":4,"minecraft:sweet_berries":10,"minecraft:oak_sapling":26,"minecraft:furnace":3,"minecraft:potato":137,"minecraft:iron_leggings":1,"minecraft:wheat_seeds":14,"minecraft:diorite":19,"minecraft:cobblestone_stairs":4,"minecraft:spruce_door":2,"minecraft:stone_pickaxe":490,"minecraft:baked_potato":11,"minecraft:wooden_pickaxe":59,"minecraft:cobblestone_slab":2,"minecraft:crafting_table":8,"minecraft:red_bed":1,"minecraft:white_bed":4,"minecraft:smoker":2,"minecraft:oak_log":1,"minecraft:bread":4,"minecraft:spruce_trapdoor":2,"minecraft:spruce_sapling":2,"minecraft:stone_axe":291,"minecraft:pink_petals":15,"minecraft:cobblestone":105,"minecraft:bone_meal":11},"minecraft:killed":{"minecraft:spider":1,"minecraft:skeleton":1,"minecraft:chicken":2,"minecraft:zombie_villager":1,"minecraft:salmon":12,"minecraft:sheep":3,"minecraft:zombie":11},"minecraft:mined":{"minecraft:spruce_planks":24,"minecraft:white_bed":4,"minecraft:oak_sapling":2,"minecraft:cherry_log":8,"minecraft:spruce_trapdoor":1,"minecraft:ladder":2,"minecraft:granite":3,"minecraft:grass_block":50,"minecraft:spruce_leaves":5,"minecraft:hay_block":33,"minecraft:furnace":1,"minecraft:carrots":30,"minecraft:iron_ore":4,"minecraft:fire":4,"minecraft:stripped_spruce_log":1,"minecraft:pumpkin":8,"minecraft:bell":2,"minecraft:potatoes":155,"minecraft:cobblestone_slab":1,"minecraft:lantern":7,"minecraft:stone":405,"minecraft:powder_snow":58,"minecraft:crafting_table":6,"minecraft:torch":1,"minecraft:poppy":1,"minecraft:chest":2,"minecraft:tall_grass":6,"minecraft:cobblestone":28,"minecraft:diorite":19,"minecraft:wall_torch":8,"minecraft:pink_petals":10,"minecraft:wheat":21,"minecraft:sweet_berry_bush":4,"minecraft:spruce_log":41,"minecraft:grass":58,"minecraft:oak_log":115,"minecraft:coal_ore":17,"minecraft:cherry_leaves":15,"minecraft:gravel":4,"minecraft:dirt":39,"minecraft:netherrack":2,"minecraft:oak_leaves":66},"minecraft:crafted":{"minecraft:oak_planks":196,"minecraft:cobblestone_slab":6,"minecraft:barrel":4,"minecraft:furnace":5,"minecraft:cobblestone_stairs":4,"minecraft:iron_boots":1,"minecraft:ladder":45,"minecraft:stone_pickaxe":8,"minecraft:chest":11,"minecraft:spruce_boat":2,"minecraft:stone_hoe":1,"minecraft:smoker":2,"minecraft:wheat":297,"minecraft:red_dye":1,"minecraft:oak_slab":18,"minecraft:crafting_table":1,"minecraft:spruce_planks":152,"minecraft:iron_helmet":1,"minecraft:wooden_pickaxe":1,"minecraft:baked_potato":9,"minecraft:spruce_door":3,"minecraft:red_bed":1,"minecraft:cooked_salmon":12,"minecraft:stone_axe":3,"minecraft:bread":99,"minecraft:spruce_trapdoor":2,"minecraft:iron_chestplate":1,"minecraft:charcoal":2,"minecraft:shield":1,"minecraft:stick":144,"minecraft:iron_ingot":21,"minecraft:stone_sword":2,"minecraft:iron_leggings":1,"minecraft:torch":56},"minecraft:custom":{"minecraft:mob_kills":34,"minecraft:animals_bred":1,"minecraft:interact_with_crafting_table":53,"minecraft:open_barrel":2,"minecraft:bell_ring":29,"minecraft:leave_game":40,"minecraft:time_since_death":226879,"minecraft:climb_one_cm":19285,"minecraft:sprint_one_cm":166416,"minecraft:walk_one_cm":1478274,"minecraft:damage_blocked_by_shield":675,"minecraft:drop":31,"minecraft:talked_to_villager":3,"minecraft:play_time":273854,"minecraft:sneak_time":10687,"minecraft:deaths":2,"minecraft:walk_under_water_one_cm":18614,"minecraft:boat_one_cm":206820,"minecraft:jump":2184,"minecraft:walk_on_water_one_cm":26786,"minecraft:total_world_time":273854,"minecraft:interact_with_furnace":22,"minecraft:sleep_in_bed":4,"minecraft:time_since_rest":153233,"minecraft:damage_taken":2355,"minecraft:damage_dealt":4259,"minecraft:swim_one_cm":63201,"minecraft:fly_one_cm":113250,"minecraft:player_kills":1,"minecraft:open_chest":80,"minecraft:crouch_one_cm":22888,"minecraft:interact_with_smoker":3,"minecraft:fall_one_cm":31144}},"DataVersion":3465}