{"stats":{"minecraft:used":{"minecraft:stone_sword":17,"minecraft:armor_stand":1,"minecraft:stone_shovel":475,"minecraft:ladder":2,"minecraft:chest":4,"minecraft:stone":132,"minecraft:cooked_chicken":2,"minecraft:torch":9,"minecraft:dirt":338,"minecraft:oak_stairs":10,"minecraft:barrel":8,"minecraft:stone_bricks":9,"minecraft:furnace":3,"minecraft:oak_sapling":14,"minecraft:cooked_beef":4,"minecraft:stone_pickaxe":784,"minecraft:oak_planks":38,"minecraft:wooden_pickaxe":118,"minecraft:stonecutter":1,"minecraft:sugar_cane":17,"minecraft:cracked_stone_bricks":12,"minecraft:crafting_table":2,"minecraft:red_bed":3,"minecraft:smoker":3,"minecraft:oak_log":31,"minecraft:apple":7,"minecraft:bread":11,"minecraft:spruce_trapdoor":3,"minecraft:spruce_sapling":1,"minecraft:stone_axe":273,"minecraft:cobblestone":263,"minecraft:cooked_porkchop":2,"minecraft:yellow_bed":2,"minecraft:stripped_oak_log":25},"minecraft:dropped":{"minecraft:dirt":128,"minecraft:poppy":2,"minecraft:stone_pickaxe":1},"minecraft:crafted":{"minecraft:smooth_stone":1,"minecraft:oak_planks":152,"minecraft:stone_shovel":4,"minecraft:barrel":4,"minecraft:smooth_stone_slab":2,"minecraft:cooked_chicken":1,"minecraft:furnace":4,"minecraft:stone":194,"minecraft:cracked_stone_bricks":12,"minecraft:ladder":3,"minecraft:spruce_slab":6,"minecraft:stone_pickaxe":6,"minecraft:chest":4,"minecraft:stone_bricks":21,"minecraft:smoker":2,"minecraft:wheat":27,"minecraft:cooked_beef":3,"minecraft:red_dye":2,"minecraft:oak_slab":6,"minecraft:crafting_table":1,"minecraft:spruce_planks":32,"minecraft:wooden_pickaxe":2,"minecraft:red_bed":2,"minecraft:stone_axe":3,"minecraft:bread":9,"minecraft:spruce_trapdoor":2,"minecraft:stick":32,"minecraft:iron_ingot":12,"minecraft:oak_stairs":4,"minecraft:stone_sword":1,"minecraft:armor_stand":1,"minecraft:stonecutter":1,"minecraft:white_bed":2,"minecraft:torch":12,"minecraft:shears":1},"minecraft:broken":{"minecraft:wooden_pickaxe":2,"minecraft:stone_pickaxe":5,"minecraft:stone_axe":2,"minecraft:stone_shovel":3},"minecraft:custom":{"minecraft:mob_kills":12,"minecraft:interact_with_crafting_table":55,"minecraft:open_barrel":28,"minecraft:leave_game":1,"minecraft:time_since_death":88978,"minecraft:climb_one_cm":1036,"minecraft:sprint_one_cm":362584,"minecraft:walk_one_cm":820396,"minecraft:drop":5,"minecraft:play_time":186138,"minecraft:deaths":8,"minecraft:sneak_time":11064,"minecraft:walk_under_water_one_cm":14008,"minecraft:jump":2587,"minecraft:walk_on_water_one_cm":37813,"minecraft:total_world_time":186138,"minecraft:interact_with_furnace":37,"minecraft:interact_with_stonecutter":3,"minecraft:sleep_in_bed":8,"minecraft:time_since_rest":9242,"minecraft:damage_taken":3013,"minecraft:damage_dealt":1491,"minecraft:swim_one_cm":40289,"minecraft:fly_one_cm":318683,"minecraft:open_chest":4,"minecraft:crouch_one_cm":29166,"minecraft:interact_with_smoker":4,"minecraft:fall_one_cm":44438},"minecraft:picked_up":{"minecraft:iron_chestplate":1,"minecraft:crafting_table":1,"minecraft:chicken":4,"minecraft:oak_stairs":8,"minecraft:shield":1,"minecraft:red_bed":1,"minecraft:string":6,"minecraft:iron_axe":1,"minecraft:iron_leggings":1,"minecraft:iron_shovel":1,"minecraft:gold_nugget":3,"minecraft:bucket":3,"minecraft:spruce_planks":10,"minecraft:beef":7,"minecraft:poppy":6,"minecraft:iron_pickaxe":1,"minecraft:sugar_cane":17,"minecraft:spruce_trapdoor":1,"minecraft:iron_boots":1,"minecraft:furnace":1,"minecraft:stick":36,"minecraft:raw_iron":10,"minecraft:stone":71,"minecraft:torch":6,"minecraft:stone_sword":2,"minecraft:rotten_flesh":6,"minecraft:stone_shovel":1,"minecraft:hay_block":39,"minecraft:cobblestone":1090,"minecraft:white_wool":6,"minecraft:stripped_oak_log":40,"minecraft:feather":7,"minecraft:cooked_beef":4,"minecraft:leather":6,"minecraft:smoker":1,"minecraft:potato":6,"minecraft:oak_log":122,"minecraft:yellow_bed":3,"minecraft:dirt":835,"minecraft:apple":2,"minecraft:wheat_seeds":4,"minecraft:cooked_chicken":6,"minecraft:stone_pickaxe":4,"minecraft:oak_planks":3,"minecraft:iron_sword":1,"minecraft:book":1,"minecraft:cooked_porkchop":6,"minecraft:spruce_sapling":3,"minecraft:white_bed":1,"minecraft:spruce_log":41,"minecraft:barrel":4,"minecraft:spider_eye":4,"minecraft:stone_axe":3,"minecraft:iron_helmet":1,"minecraft:oak_sapling":17,"minecraft:coal":344},"minecraft:mined":{"minecraft:white_bed":1,"minecraft:oak_sapling":3,"minecraft:spruce_trapdoor":1,"minecraft:allium":1,"minecraft:grass_block":288,"minecraft:spruce_leaves":9,"minecraft:hay_block":14,"minecraft:spruce_sapling":1,"minecraft:furnace":1,"minecraft:iron_ore":11,"minecraft:barrel":4,"minecraft:oak_stairs":6,"minecraft:packed_ice":1,"minecraft:stripped_oak_log":31,"minecraft:stone":668,"minecraft:red_bed":1,"minecraft:smoker":1,"minecraft:powder_snow":16,"minecraft:crafting_table":1,"minecraft:poppy":4,"minecraft:cobblestone":25,"minecraft:tall_grass":3,"minecraft:sugar_cane":11,"minecraft:oak_planks":3,"minecraft:wall_torch":2,"minecraft:seagrass":1,"minecraft:spruce_log":23,"minecraft:yellow_bed":3,"minecraft:bee_nest":1,"minecraft:grass":41,"minecraft:oak_log":102,"minecraft:coal_ore":185,"minecraft:dirt":285,"minecraft:oak_leaves":142},"minecraft:killed":{"minecraft:spider":3,"minecraft:bee":1,"minecraft:chicken":3,"minecraft:zombie":2,"minecraft:cow":3},"minecraft:killed_by":{"minecraft:player":2,"minecraft:stray":1,"minecraft:skeleton":1,"minecraft:zombie":1}},"DataVersion":3465}