{"stats":{"minecraft:used":{"minecraft:stone_sword":173,"minecraft:flint_and_steel":5,"minecraft:ladder":44,"minecraft:chest":13,"minecraft:spruce_planks":76,"minecraft:shield":46,"minecraft:cooked_chicken":1,"minecraft:rotten_flesh":2,"minecraft:stone_hoe":101,"minecraft:bell":1,"minecraft:torch":77,"minecraft:dirt":299,"minecraft:carrot":91,"minecraft:granite":3,"minecraft:spruce_boat":2,"minecraft:stone_brick_slab":1,"minecraft:lantern":7,"minecraft:iron_boots":1,"minecraft:iron_helmet":1,"minecraft:barrel":4,"minecraft:sweet_berries":10,"minecraft:oak_sapling":26,"minecraft:furnace":4,"minecraft:potato":138,"minecraft:iron_leggings":1,"minecraft:wheat_seeds":14,"minecraft:diorite":19,"minecraft:cobblestone_stairs":4,"minecraft:spruce_door":2,"minecraft:stone_pickaxe":532,"minecraft:baked_potato":14,"minecraft:wooden_pickaxe":59,"minecraft:cobblestone_slab":2,"minecraft:crafting_table":9,"minecraft:red_bed":1,"minecraft:white_bed":4,"minecraft:smoker":2,"minecraft:oak_log":1,"minecraft:oxeye_daisy":1,"minecraft:bread":5,"minecraft:iron_pickaxe":2,"minecraft:spruce_trapdoor":2,"minecraft:spruce_sapling":2,"minecraft:stone_axe":291,"minecraft:pink_petals":15,"minecraft:cobblestone":108,"minecraft:bone_meal":11},"minecraft:dropped":{"minecraft:iron_ingot":30,"minecraft:oak_log":3,"minecraft:baked_potato":10,"minecraft:diamond":1,"minecraft:cobblestone":32,"minecraft:lead":1,"minecraft:cooked_salmon":7,"minecraft:snowball":21,"minecraft:iron_axe":1,"minecraft:iron_shovel":1,"minecraft:bucket":3,"minecraft:spruce_sapling":6,"minecraft:stone_sword":1,"minecraft:stone_shovel":1,"minecraft:raw_iron":2,"minecraft:chicken":3,"minecraft:rotten_flesh":6,"minecraft:carrot":27,"minecraft:hay_block":14,"minecraft:spruce_planks":34,"minecraft:diamond_pickaxe":1,"minecraft:wooden_pickaxe":2,"minecraft:stone_pickaxe":2},"minecraft:crafted":{"minecraft:oak_planks":240,"minecraft:cobblestone_slab":6,"minecraft:barrel":4,"minecraft:furnace":6,"minecraft:cobblestone_stairs":4,"minecraft:iron_boots":1,"minecraft:ladder":45,"minecraft:stone_pickaxe":8,"minecraft:chest":11,"minecraft:spruce_boat":2,"minecraft:stone_hoe":1,"minecraft:smoker":2,"minecraft:wheat":297,"minecraft:red_dye":1,"minecraft:oak_slab":18,"minecraft:crafting_table":2,"minecraft:spruce_planks":152,"minecraft:iron_helmet":1,"minecraft:wooden_pickaxe":1,"minecraft:baked_potato":40,"minecraft:spruce_door":3,"minecraft:red_bed":1,"minecraft:cooked_salmon":12,"minecraft:stone_axe":4,"minecraft:bread":99,"minecraft:spruce_trapdoor":2,"minecraft:iron_chestplate":1,"minecraft:charcoal":7,"minecraft:shield":1,"minecraft:stick":148,"minecraft:iron_pickaxe":1,"minecraft:iron_ingot":28,"minecraft:stone_sword":3,"minecraft:iron_leggings":1,"minecraft:torch":64},"minecraft:broken":{"minecraft:stone_sword":1,"minecraft:wooden_pickaxe":1,"minecraft:stone_pickaxe":3,"minecraft:stone_axe":2},"minecraft:custom":{"minecraft:mob_kills":41,"minecraft:animals_bred":3,"minecraft:interact_with_crafting_table":59,"minecraft:open_barrel":3,"minecraft:bell_ring":29,"minecraft:leave_game":35,"minecraft:time_since_death":238368,"minecraft:climb_one_cm":18816,"minecraft:sprint_one_cm":143905,"minecraft:walk_one_cm":1471141,"minecraft:damage_blocked_by_shield":1240,"minecraft:drop":32,"minecraft:talked_to_villager":3,"minecraft:play_time":285343,"minecraft:sneak_time":14163,"minecraft:deaths":2,"minecraft:walk_under_water_one_cm":22366,"minecraft:boat_one_cm":206820,"minecraft:jump":2199,"minecraft:walk_on_water_one_cm":29199,"minecraft:total_world_time":285343,"minecraft:interact_with_furnace":28,"minecraft:sleep_in_bed":4,"minecraft:time_since_rest":164722,"minecraft:damage_taken":2500,"minecraft:damage_dealt":5515,"minecraft:swim_one_cm":63697,"minecraft:fly_one_cm":94673,"minecraft:player_kills":1,"minecraft:open_chest":88,"minecraft:crouch_one_cm":31389,"minecraft:interact_with_smoker":11,"minecraft:fall_one_cm":36227},"minecraft:picked_up":{"minecraft:crafting_table":8,"minecraft:allium":4,"minecraft:ladder":1,"minecraft:chicken":5,"minecraft:lead":4,"minecraft:wooden_pickaxe":2,"minecraft:string":7,"minecraft:iron_axe":1,"minecraft:cooked_salmon":7,"minecraft:iron_shovel":1,"minecraft:bucket":3,"minecraft:spruce_planks":50,"minecraft:cobblestone_slab":1,"minecraft:poppy":1,"minecraft:chest":2,"minecraft:spruce_trapdoor":1,"minecraft:furnace":1,"minecraft:stick":23,"minecraft:raw_iron":27,"minecraft:torch":27,"minecraft:cherry_log":8,"minecraft:diorite":25,"minecraft:carrot":89,"minecraft:redstone":16,"minecraft:stone_sword":1,"minecraft:arrow":4,"minecraft:rotten_flesh":9,"minecraft:stone_shovel":1,"minecraft:hay_block":47,"minecraft:mutton":5,"minecraft:cobblestone":607,"minecraft:snowball":21,"minecraft:white_wool":3,"minecraft:oxeye_daisy":1,"minecraft:pink_petals":15,"minecraft:feather":10,"minecraft:salmon":12,"minecraft:potato":316,"minecraft:flint":1,"minecraft:oak_log":126,"minecraft:lapis_lazuli":38,"minecraft:lantern":7,"minecraft:dirt":321,"minecraft:bone":3,"minecraft:apple":3,"minecraft:wheat_seeds":59,"minecraft:raw_gold":2,"minecraft:bell":2,"minecraft:stone_pickaxe":2,"minecraft:iron_ingot":30,"minecraft:cooked_chicken":1,"minecraft:pumpkin":8,"minecraft:sweet_berries":11,"minecraft:stone_brick_slab":1,"minecraft:gravel":4,"minecraft:stripped_spruce_log":2,"minecraft:spruce_sapling":8,"minecraft:white_bed":5,"minecraft:spruce_log":53,"minecraft:spider_eye":1,"minecraft:diamond":2,"minecraft:spruce_boat":2,"minecraft:granite":3,"minecraft:bone_meal":11,"minecraft:baked_potato":12,"minecraft:oak_sapling":26,"minecraft:coal":190,"minecraft:diamond_pickaxe":1},"minecraft:mined":{"minecraft:spruce_planks":24,"minecraft:white_bed":4,"minecraft:oak_sapling":2,"minecraft:cherry_log":8,"minecraft:spruce_trapdoor":1,"minecraft:ladder":2,"minecraft:granite":3,"minecraft:grass_block":50,"minecraft:spruce_leaves":5,"minecraft:oxeye_daisy":1,"minecraft:hay_block":33,"minecraft:furnace":1,"minecraft:carrots":30,"minecraft:iron_ore":25,"minecraft:fire":3,"minecraft:stripped_spruce_log":1,"minecraft:pumpkin":8,"minecraft:bell":2,"minecraft:potatoes":157,"minecraft:cobblestone_slab":1,"minecraft:lantern":7,"minecraft:stone":417,"minecraft:powder_snow":58,"minecraft:crafting_table":6,"minecraft:torch":2,"minecraft:poppy":1,"minecraft:chest":2,"minecraft:tall_grass":6,"minecraft:cobblestone":30,"minecraft:lapis_ore":6,"minecraft:diorite":19,"minecraft:wall_torch":9,"minecraft:pink_petals":10,"minecraft:wheat":21,"minecraft:sweet_berry_bush":4,"minecraft:spruce_log":41,"minecraft:grass":59,"minecraft:oak_log":115,"minecraft:coal_ore":17,"minecraft:cherry_leaves":15,"minecraft:gravel":4,"minecraft:dirt":39,"minecraft:netherrack":2,"minecraft:gold_ore":2,"minecraft:oak_leaves":66},"minecraft:killed":{"minecraft:spider":4,"minecraft:skeleton":3,"minecraft:chicken":2,"minecraft:zombie_villager":1,"minecraft:salmon":12,"minecraft:sheep":3,"minecraft:zombie":13},"minecraft:killed_by":{"minecraft:drowned":1}},"DataVersion":3465}