{"stats":{"minecraft:used":{"minecraft:stone_sword":271,"minecraft:iron_shovel":486,"minecraft:flint_and_steel":5,"minecraft:ladder":44,"minecraft:chest":13,"minecraft:spruce_planks":76,"minecraft:shield":119,"minecraft:iron_sword":118,"minecraft:cooked_salmon":2,"minecraft:bell":1,"minecraft:cooked_chicken":1,"minecraft:rotten_flesh":2,"minecraft:stone_hoe":101,"minecraft:iron_chestplate":1,"minecraft:torch":254,"minecraft:dirt":755,"minecraft:carrot":91,"minecraft:granite":3,"minecraft:spruce_boat":2,"minecraft:stone_brick_slab":1,"minecraft:lantern":7,"minecraft:iron_boots":2,"minecraft:iron_helmet":1,"minecraft:barrel":4,"minecraft:sweet_berries":10,"minecraft:oak_sapling":26,"minecraft:furnace":7,"minecraft:potato":139,"minecraft:pointed_dripstone":4,"minecraft:iron_leggings":2,"minecraft:wheat_seeds":14,"minecraft:diorite":20,"minecraft:cobblestone_stairs":4,"minecraft:spruce_door":2,"minecraft:stone_pickaxe":824,"minecraft:baked_potato":32,"minecraft:wooden_pickaxe":59,"minecraft:cobblestone_slab":2,"minecraft:crafting_table":13,"minecraft:red_bed":1,"minecraft:white_bed":4,"minecraft:dripstone_block":7,"minecraft:smoker":2,"minecraft:oak_log":1,"minecraft:oxeye_daisy":1,"minecraft:bread":16,"minecraft:iron_pickaxe":87,"minecraft:spruce_trapdoor":2,"minecraft:spruce_sapling":2,"minecraft:stone_axe":398,"minecraft:pink_petals":15,"minecraft:cobblestone":121,"minecraft:andesite":1,"minecraft:bucket":1,"minecraft:bone_meal":11},"minecraft:dropped":{"minecraft:iron_ingot":36,"minecraft:oak_log":3,"minecraft:baked_potato":10,"minecraft:diamond":1,"minecraft:cobblestone":32,"minecraft:lead":1,"minecraft:coal":6,"minecraft:cooked_salmon":7,"minecraft:snowball":21,"minecraft:iron_axe":1,"minecraft:iron_shovel":1,"minecraft:bucket":3,"minecraft:spruce_sapling":6,"minecraft:stone_sword":1,"minecraft:stone_shovel":1,"minecraft:raw_iron":2,"minecraft:chicken":3,"minecraft:rotten_flesh":6,"minecraft:carrot":27,"minecraft:hay_block":14,"minecraft:spruce_planks":34,"minecraft:diamond_pickaxe":1,"minecraft:wooden_pickaxe":2,"minecraft:stone_pickaxe":2},"minecraft:crafted":{"minecraft:oak_planks":264,"minecraft:cobblestone_slab":6,"minecraft:barrel":4,"minecraft:furnace":8,"minecraft:cobblestone_stairs":4,"minecraft:iron_boots":1,"minecraft:ladder":45,"minecraft:stone_pickaxe":8,"minecraft:chest":11,"minecraft:spruce_boat":2,"minecraft:stone_hoe":1,"minecraft:smoker":2,"minecraft:wheat":297,"minecraft:red_dye":1,"minecraft:oak_slab":18,"minecraft:crafting_table":3,"minecraft:spruce_planks":152,"minecraft:iron_helmet":2,"minecraft:wooden_pickaxe":1,"minecraft:baked_potato":96,"minecraft:iron_sword":1,"minecraft:spruce_door":3,"minecraft:red_bed":1,"minecraft:cooked_salmon":12,"minecraft:bucket":1,"minecraft:stone_axe":4,"minecraft:bread":99,"minecraft:spruce_trapdoor":2,"minecraft:iron_chestplate":1,"minecraft:charcoal":7,"minecraft:shield":1,"minecraft:stick":180,"minecraft:iron_ingot":101,"minecraft:iron_pickaxe":2,"minecraft:stone_sword":3,"minecraft:iron_shovel":2,"minecraft:gold_ingot":35,"minecraft:iron_leggings":1,"minecraft:torch":156},"minecraft:broken":{"minecraft:iron_shovel":1,"minecraft:stone_sword":1,"minecraft:iron_boots":1,"minecraft:wooden_pickaxe":1,"minecraft:stone_pickaxe":5,"minecraft:stone_axe":2,"minecraft:iron_helmet":1},"minecraft:custom":{"minecraft:mob_kills":78,"minecraft:animals_bred":3,"minecraft:interact_with_crafting_table":69,"minecraft:open_barrel":16,"minecraft:bell_ring":29,"minecraft:leave_game":36,"minecraft:time_since_death":69482,"minecraft:climb_one_cm":23143,"minecraft:sprint_one_cm":252218,"minecraft:walk_one_cm":2075369,"minecraft:damage_blocked_by_shield":3480,"minecraft:drop":34,"minecraft:talked_to_villager":3,"minecraft:play_time":409974,"minecraft:sneak_time":24677,"minecraft:deaths":4,"minecraft:walk_under_water_one_cm":30831,"minecraft:boat_one_cm":206820,"minecraft:jump":3442,"minecraft:walk_on_water_one_cm":41717,"minecraft:total_world_time":409974,"minecraft:interact_with_furnace":49,"minecraft:sleep_in_bed":9,"minecraft:time_since_rest":11336,"minecraft:damage_taken":4515,"minecraft:damage_dealt":12457,"minecraft:player_kills":1,"minecraft:swim_one_cm":65250,"minecraft:fly_one_cm":186604,"minecraft:open_chest":110,"minecraft:crouch_one_cm":62229,"minecraft:interact_with_smoker":15,"minecraft:fall_one_cm":58674},"minecraft:picked_up":{"minecraft:iron_chestplate":2,"minecraft:crafting_table":13,"minecraft:allium":11,"minecraft:ladder":1,"minecraft:chicken":5,"minecraft:lead":4,"minecraft:wooden_pickaxe":2,"minecraft:shield":2,"minecraft:string":13,"minecraft:iron_axe":1,"minecraft:cooked_salmon":7,"minecraft:iron_leggings":2,"minecraft:iron_shovel":1,"minecraft:cobbled_deepslate":40,"minecraft:bucket":3,"minecraft:spruce_planks":50,"minecraft:cobblestone_slab":1,"minecraft:poppy":1,"minecraft:iron_pickaxe":1,"minecraft:chest":2,"minecraft:spruce_trapdoor":1,"minecraft:iron_boots":2,"minecraft:furnace":3,"minecraft:stick":31,"minecraft:raw_iron":156,"minecraft:torch":138,"minecraft:cherry_log":8,"minecraft:pointed_dripstone":19,"minecraft:diorite":27,"minecraft:carrot":89,"minecraft:redstone":94,"minecraft:stone_sword":3,"minecraft:arrow":28,"minecraft:rotten_flesh":63,"minecraft:stone_shovel":1,"minecraft:peony":2,"minecraft:hay_block":47,"minecraft:mutton":5,"minecraft:snowball":26,"minecraft:white_wool":3,"minecraft:cobblestone":876,"minecraft:oxeye_daisy":5,"minecraft:pink_petals":15,"minecraft:feather":10,"minecraft:andesite":2,"minecraft:water_bucket":2,"minecraft:salmon":12,"minecraft:potato":319,"minecraft:flint":1,"minecraft:tuff":7,"minecraft:oak_log":216,"minecraft:lantern":8,"minecraft:lapis_lazuli":132,"minecraft:dirt":821,"minecraft:bone":25,"minecraft:apple":3,"minecraft:wheat_seeds":68,"minecraft:raw_gold":69,"minecraft:bell":2,"minecraft:stone_pickaxe":7,"minecraft:iron_ingot":78,"minecraft:cooked_chicken":1,"minecraft:iron_sword":1,"minecraft:oak_planks":81,"minecraft:pumpkin":8,"minecraft:sweet_berries":11,"minecraft:stone_brick_slab":1,"minecraft:dandelion":2,"minecraft:dripstone_block":11,"minecraft:gravel":4,"minecraft:stripped_spruce_log":2,"minecraft:spruce_sapling":8,"minecraft:white_bed":5,"minecraft:spruce_log":53,"minecraft:spider_eye":1,"minecraft:slime_ball":2,"minecraft:stone_axe":2,"minecraft:diamond":4,"minecraft:spruce_boat":2,"minecraft:iron_helmet":1,"minecraft:granite":3,"minecraft:bone_meal":11,"minecraft:bread":10,"minecraft:baked_potato":19,"minecraft:oak_sapling":27,"minecraft:coal":324,"minecraft:diamond_pickaxe":1},"minecraft:mined":{"minecraft:tuff":3,"minecraft:spruce_planks":24,"minecraft:white_bed":4,"minecraft:oak_sapling":2,"minecraft:deepslate_diamond_ore":1,"minecraft:cherry_log":8,"minecraft:spruce_trapdoor":1,"minecraft:ladder":2,"minecraft:granite":3,"minecraft:allium":2,"minecraft:grass_block":449,"minecraft:spruce_leaves":5,"minecraft:oxeye_daisy":3,"minecraft:hay_block":33,"minecraft:redstone_ore":4,"minecraft:furnace":2,"minecraft:carrots":30,"minecraft:iron_ore":37,"minecraft:fire":3,"minecraft:snow":5,"minecraft:andesite":1,"minecraft:stripped_spruce_log":1,"minecraft:pumpkin":8,"minecraft:peony":2,"minecraft:bell":2,"minecraft:dirt_path":4,"minecraft:deepslate_iron_ore":50,"minecraft:pointed_dripstone":3,"minecraft:potatoes":158,"minecraft:cobblestone_slab":1,"minecraft:lantern":7,"minecraft:stone":614,"minecraft:deepslate_redstone_ore":3,"minecraft:powder_snow":58,"minecraft:crafting_table":9,"minecraft:torch":43,"minecraft:poppy":1,"minecraft:chest":2,"minecraft:tall_grass":6,"minecraft:cobblestone":37,"minecraft:deepslate_gold_ore":32,"minecraft:lapis_ore":8,"minecraft:diorite":20,"minecraft:wall_torch":25,"minecraft:pink_petals":10,"minecraft:wheat":21,"minecraft:sweet_berry_bush":4,"minecraft:spruce_log":41,"minecraft:grass":84,"minecraft:oak_log":193,"minecraft:coal_ore":40,"minecraft:cherry_leaves":15,"minecraft:gravel":4,"minecraft:dirt":110,"minecraft:netherrack":2,"minecraft:gold_ore":2,"minecraft:oak_leaves":86,"minecraft:deepslate":18},"minecraft:killed":{"minecraft:spider":6,"minecraft:slime":2,"minecraft:skeleton":10,"minecraft:chicken":2,"minecraft:drowned":1,"minecraft:zombie_villager":1,"minecraft:salmon":12,"minecraft:bat":1,"minecraft:sheep":3,"minecraft:zombie":36,"minecraft:stray":1},"minecraft:killed_by":{"minecraft:creeper":1,"minecraft:drowned":1,"minecraft:zombie":1}},"DataVersion":3465}