{"stats":{"minecraft:used":{"minecraft:stone_sword":17,"minecraft:stone_shovel":475,"minecraft:stone_pickaxe":751,"minecraft:ladder":2,"minecraft:oak_planks":38,"minecraft:wooden_pickaxe":118,"minecraft:stone":123,"minecraft:cooked_chicken":2,"minecraft:torch":9,"minecraft:dirt":335,"minecraft:crafting_table":2,"minecraft:red_bed":2,"minecraft:smoker":3,"minecraft:oak_log":31,"minecraft:apple":7,"minecraft:oak_stairs":7,"minecraft:bread":11,"minecraft:spruce_sapling":1,"minecraft:barrel":8,"minecraft:stone_axe":214,"minecraft:cobblestone":257,"minecraft:oak_sapling":14,"minecraft:furnace":3,"minecraft:cooked_porkchop":2,"minecraft:yellow_bed":2,"minecraft:cooked_beef":4,"minecraft:stripped_oak_log":18},"minecraft:dropped":{"minecraft:poppy":2,"minecraft:dirt":128,"minecraft:stone_pickaxe":1},"minecraft:crafted":{"minecraft:cooked_beef":3,"minecraft:red_dye":2,"minecraft:oak_slab":6,"minecraft:oak_planks":120,"minecraft:stone_shovel":4,"minecraft:barrel":4,"minecraft:crafting_table":1,"minecraft:spruce_planks":32,"minecraft:wooden_pickaxe":2,"minecraft:cooked_chicken":1,"minecraft:red_bed":2,"minecraft:furnace":4,"minecraft:stone":194,"minecraft:stone_axe":3,"minecraft:bread":9,"minecraft:spruce_trapdoor":2,"minecraft:ladder":3,"minecraft:spruce_slab":6,"minecraft:stick":32,"minecraft:iron_ingot":12,"minecraft:stone_pickaxe":6,"minecraft:oak_stairs":4,"minecraft:stone_sword":1,"minecraft:white_bed":2,"minecraft:torch":12,"minecraft:shears":1,"minecraft:wheat":27,"minecraft:smoker":2},"minecraft:broken":{"minecraft:stone_pickaxe":5,"minecraft:stone_axe":1,"minecraft:stone_shovel":3,"minecraft:wooden_pickaxe":2},"minecraft:custom":{"minecraft:interact_with_furnace":30,"minecraft:mob_kills":12,"minecraft:interact_with_crafting_table":47,"minecraft:open_barrel":25,"minecraft:leave_game":1,"minecraft:time_since_death":64978,"minecraft:sleep_in_bed":7,"minecraft:climb_one_cm":264,"minecraft:time_since_rest":4940,"minecraft:sprint_one_cm":329200,"minecraft:damage_taken":2993,"minecraft:walk_one_cm":734837,"minecraft:drop":5,"minecraft:damage_dealt":1491,"minecraft:swim_one_cm":36502,"minecraft:fly_one_cm":304251,"minecraft:open_chest":4,"minecraft:crouch_one_cm":27850,"minecraft:play_time":162138,"minecraft:deaths":8,"minecraft:sneak_time":10203,"minecraft:walk_under_water_one_cm":13876,"minecraft:jump":2430,"minecraft:walk_on_water_one_cm":36806,"minecraft:total_world_time":162138,"minecraft:interact_with_smoker":4,"minecraft:fall_one_cm":42600},"minecraft:picked_up":{"minecraft:stripped_oak_log":39,"minecraft:crafting_table":1,"minecraft:iron_chestplate":1,"minecraft:feather":7,"minecraft:cooked_beef":4,"minecraft:chicken":4,"minecraft:leather":6,"minecraft:smoker":1,"minecraft:oak_stairs":7,"minecraft:potato":6,"minecraft:oak_log":93,"minecraft:yellow_bed":3,"minecraft:shield":1,"minecraft:string":6,"minecraft:dirt":821,"minecraft:red_bed":1,"minecraft:iron_axe":1,"minecraft:iron_leggings":1,"minecraft:iron_shovel":1,"minecraft:apple":2,"minecraft:wheat_seeds":2,"minecraft:gold_nugget":3,"minecraft:bucket":3,"minecraft:spruce_planks":10,"minecraft:beef":7,"minecraft:stone_pickaxe":4,"minecraft:cooked_chicken":6,"minecraft:poppy":6,"minecraft:iron_pickaxe":1,"minecraft:iron_sword":1,"minecraft:oak_planks":3,"minecraft:iron_boots":1,"minecraft:furnace":1,"minecraft:book":1,"minecraft:stick":34,"minecraft:raw_iron":10,"minecraft:stone":71,"minecraft:cooked_porkchop":6,"minecraft:torch":6,"minecraft:spruce_sapling":3,"minecraft:white_bed":1,"minecraft:spruce_log":41,"minecraft:spider_eye":4,"minecraft:barrel":4,"minecraft:stone_sword":2,"minecraft:stone_shovel":1,"minecraft:rotten_flesh":6,"minecraft:stone_axe":3,"minecraft:hay_block":39,"minecraft:iron_helmet":1,"minecraft:oak_sapling":14,"minecraft:coal":344,"minecraft:white_wool":6,"minecraft:cobblestone":1060},"minecraft:mined":{"minecraft:white_bed":1,"minecraft:oak_sapling":3,"minecraft:red_bed":1,"minecraft:smoker":1,"minecraft:powder_snow":16,"minecraft:crafting_table":1,"minecraft:allium":1,"minecraft:grass_block":288,"minecraft:poppy":4,"minecraft:tall_grass":3,"minecraft:cobblestone":24,"minecraft:spruce_leaves":9,"minecraft:oak_planks":3,"minecraft:wall_torch":2,"minecraft:seagrass":1,"minecraft:hay_block":14,"minecraft:spruce_sapling":1,"minecraft:furnace":1,"minecraft:iron_ore":11,"minecraft:barrel":4,"minecraft:spruce_log":23,"minecraft:bee_nest":1,"minecraft:yellow_bed":3,"minecraft:grass":40,"minecraft:coal_ore":185,"minecraft:oak_log":72,"minecraft:oak_stairs":5,"minecraft:dirt":282,"minecraft:stripped_oak_log":30,"minecraft:packed_ice":1,"minecraft:stone":639,"minecraft:oak_leaves":115},"minecraft:killed":{"minecraft:spider":3,"minecraft:zombie":2,"minecraft:bee":1,"minecraft:chicken":3,"minecraft:cow":3},"minecraft:killed_by":{"minecraft:player":2,"minecraft:skeleton":1,"minecraft:stray":1,"minecraft:zombie":1}},"DataVersion":3465}