{"stats":{"minecraft:picked_up":{"minecraft:allium":9,"minecraft:azure_bluet":3,"minecraft:torch":3,"minecraft:dandelion":23,"minecraft:potato":58,"minecraft:spruce_log":3,"minecraft:carrot":8,"minecraft:dirt":12,"minecraft:iron_leggings":1,"minecraft:cobbled_deepslate":4,"minecraft:iron_helmet":1,"minecraft:poppy":5,"minecraft:iron_boots":1},"minecraft:killed_by":{"minecraft:player":3},"minecraft:dropped":{"minecraft:poppy":1},"minecraft:used":{"minecraft:poppy":3,"minecraft:dirt":6,"minecraft:allium":2,"minecraft:potato":1,"minecraft:cobbled_deepslate":2,"minecraft:spruce_log":1},"minecraft:mined":{"minecraft:spruce_log":3,"minecraft:dandelion":11,"minecraft:azure_bluet":1,"minecraft:torch":2,"minecraft:grass":4,"minecraft:allium":9,"minecraft:potatoes":18,"minecraft:grass_block":2,"minecraft:poppy":3,"minecraft:dirt":1,"minecraft:spruce_leaves":11},"minecraft:custom":{"minecraft:time_since_rest":6055,"minecraft:sprint_one_cm":24869,"minecraft:damage_taken":839,"minecraft:walk_one_cm":134613,"minecraft:drop":1,"minecraft:damage_dealt":413,"minecraft:fly_one_cm":5373,"minecraft:crouch_one_cm":789,"minecraft:play_time":39163,"minecraft:deaths":3,"minecraft:sneak_time":401,"minecraft:jump":142,"minecraft:leave_game":3,"minecraft:walk_on_water_one_cm":653,"minecraft:time_since_death":22235,"minecraft:sleep_in_bed":1,"minecraft:climb_one_cm":890,"minecraft:total_world_time":39163,"minecraft:fall_one_cm":693}},"DataVersion":3465}