{"stats":{"minecraft:used":{"minecraft:cherry_sapling":4,"minecraft:stone_sword":44,"minecraft:iron_shovel":128,"minecraft:stone_shovel":249,"minecraft:stone_pickaxe":2074,"minecraft:baked_potato":15,"minecraft:iron_pickaxe":1480,"minecraft:oak_sign":2,"minecraft:chest":2,"minecraft:iron_sword":5,"minecraft:stone":16,"minecraft:torch":6,"minecraft:stone_axe":31,"minecraft:dirt":242,"minecraft:cobblestone":36,"minecraft:bone_meal":5},"minecraft:crafted":{"minecraft:coal_block":1,"minecraft:oak_planks":44,"minecraft:stone_shovel":3,"minecraft:oak_sign":3,"minecraft:spruce_planks":20,"minecraft:stick":72,"minecraft:iron_ingot":33,"minecraft:iron_pickaxe":7,"minecraft:baked_potato":32,"minecraft:stone_pickaxe":17,"minecraft:stone_sword":1,"minecraft:chest":2,"minecraft:iron_shovel":1,"minecraft:stone":57,"minecraft:bone_meal":9,"minecraft:torch":24,"minecraft:stone_axe":1},"minecraft:broken":{"minecraft:stone_pickaxe":15,"minecraft:stone_shovel":1,"minecraft:iron_pickaxe":5},"minecraft:custom":{"minecraft:time_since_rest":131440,"minecraft:interact_with_furnace":6,"minecraft:sprint_one_cm":227549,"minecraft:damage_taken":570,"minecraft:walk_one_cm":278292,"minecraft:mob_kills":8,"minecraft:damage_dealt":1314,"minecraft:interact_with_crafting_table":23,"minecraft:fly_one_cm":99514,"minecraft:open_barrel":23,"minecraft:open_chest":9,"minecraft:crouch_one_cm":187414,"minecraft:play_time":131440,"minecraft:sneak_time":47070,"minecraft:jump":712,"minecraft:leave_game":5,"minecraft:time_since_death":131440,"minecraft:total_world_time":131440,"minecraft:fall_one_cm":12872},"minecraft:picked_up":{"minecraft:stick":3,"minecraft:gravel":1,"minecraft:oak_log":11,"minecraft:spruce_sapling":3,"minecraft:spruce_log":13,"minecraft:dirt":383,"minecraft:bone":2,"minecraft:rotten_flesh":5,"minecraft:oak_sign":1,"minecraft:wheat_seeds":3,"minecraft:emerald":2,"minecraft:coal":56,"minecraft:cobblestone":2966},"minecraft:mined":{"minecraft:spruce_log":13,"minecraft:emerald_ore":2,"minecraft:grass":20,"minecraft:grass_block":261,"minecraft:oak_log":12,"minecraft:coal_ore":59,"minecraft:oak_sign":1,"minecraft:gravel":1,"minecraft:dirt":123,"minecraft:tall_grass":4,"minecraft:spruce_leaves":14,"minecraft:stone":3491,"minecraft:oak_leaves":2},"minecraft:killed":{"minecraft:skeleton":1,"minecraft:zombie":7}},"DataVersion":3465}