{"stats":{"minecraft:used":{"minecraft:stone_sword":7,"minecraft:dirt":52,"minecraft:stone_shovel":136,"minecraft:stone_pickaxe":276},"minecraft:crafted":{"minecraft:stone_sword":1,"minecraft:stone_shovel":3,"minecraft:stone_axe":1,"minecraft:spruce_planks":20,"minecraft:stick":20,"minecraft:baked_potato":32,"minecraft:stone_pickaxe":5},"minecraft:broken":{"minecraft:stone_shovel":1,"minecraft:stone_pickaxe":2},"minecraft:custom":{"minecraft:time_since_rest":13297,"minecraft:open_chest":1,"minecraft:interact_with_furnace":1,"minecraft:crouch_one_cm":12230,"minecraft:play_time":13297,"minecraft:sprint_one_cm":18709,"minecraft:damage_taken":75,"minecraft:walk_one_cm":38946,"minecraft:sneak_time":4410,"minecraft:mob_kills":1,"minecraft:jump":107,"minecraft:damage_dealt":170,"minecraft:time_since_death":13297,"minecraft:total_world_time":13297,"minecraft:interact_with_crafting_table":4,"minecraft:fall_one_cm":418,"minecraft:fly_one_cm":11618},"minecraft:picked_up":{"minecraft:rotten_flesh":2,"minecraft:spruce_log":5,"minecraft:cobblestone":166,"minecraft:dirt":139},"minecraft:mined":{"minecraft:grass_block":77,"minecraft:dirt":62,"minecraft:spruce_leaves":5,"minecraft:spruce_log":5,"minecraft:stone":276},"minecraft:killed":{"minecraft:zombie":1}},"DataVersion":3465}