{"stats":{"minecraft:used":{"minecraft:cherry_sapling":4,"minecraft:stone_sword":44,"minecraft:stone_shovel":248,"minecraft:stone_pickaxe":1192,"minecraft:baked_potato":6,"minecraft:stone":16,"minecraft:stone_axe":31,"minecraft:dirt":67},"minecraft:crafted":{"minecraft:coal_block":1,"minecraft:stone_shovel":3,"minecraft:spruce_planks":20,"minecraft:stick":40,"minecraft:baked_potato":32,"minecraft:stone_pickaxe":11,"minecraft:stone_sword":1,"minecraft:stone":57,"minecraft:torch":16,"minecraft:stone_axe":1},"minecraft:broken":{"minecraft:stone_pickaxe":9,"minecraft:stone_shovel":1},"minecraft:custom":{"minecraft:time_since_rest":47678,"minecraft:interact_with_furnace":4,"minecraft:sprint_one_cm":74207,"minecraft:damage_taken":305,"minecraft:walk_one_cm":140473,"minecraft:mob_kills":7,"minecraft:damage_dealt":1090,"minecraft:interact_with_crafting_table":9,"minecraft:fly_one_cm":35282,"minecraft:open_barrel":5,"minecraft:open_chest":4,"minecraft:crouch_one_cm":53069,"minecraft:play_time":47678,"minecraft:sneak_time":14968,"minecraft:jump":306,"minecraft:leave_game":2,"minecraft:time_since_death":47678,"minecraft:total_world_time":47678,"minecraft:fall_one_cm":5847},"minecraft:picked_up":{"minecraft:stick":2,"minecraft:oak_log":11,"minecraft:spruce_sapling":3,"minecraft:spruce_log":13,"minecraft:dirt":250,"minecraft:bone":2,"minecraft:rotten_flesh":3,"minecraft:coal":45,"minecraft:cobblestone":934},"minecraft:mined":{"minecraft:spruce_log":13,"minecraft:oak_log":12,"minecraft:grass_block":187,"minecraft:coal_ore":46,"minecraft:dirt":64,"minecraft:spruce_leaves":14,"minecraft:stone":1146,"minecraft:oak_leaves":2},"minecraft:killed":{"minecraft:skeleton":1,"minecraft:zombie":6}},"DataVersion":3465}