{"stats":{"minecraft:used":{"minecraft:stone_sword":44,"minecraft:dirt":67,"minecraft:stone_shovel":248,"minecraft:stone_pickaxe":872,"minecraft:baked_potato":4},"minecraft:crafted":{"minecraft:stone_sword":1,"minecraft:stone_shovel":3,"minecraft:torch":16,"minecraft:stone_axe":1,"minecraft:spruce_planks":20,"minecraft:stick":32,"minecraft:stone_pickaxe":8,"minecraft:baked_potato":32},"minecraft:broken":{"minecraft:stone_pickaxe":6,"minecraft:stone_shovel":1},"minecraft:custom":{"minecraft:open_barrel":2,"minecraft:play_time":35678,"minecraft:crouch_one_cm":34304,"minecraft:interact_with_furnace":2,"minecraft:sprint_one_cm":45651,"minecraft:damage_taken":245,"minecraft:walk_one_cm":109868,"minecraft:sneak_time":10786,"minecraft:mob_kills":7,"minecraft:jump":223,"minecraft:damage_dealt":1090,"minecraft:leave_game":2,"minecraft:time_since_death":35678,"minecraft:total_world_time":35678,"minecraft:interact_with_crafting_table":6,"minecraft:open_chest":3,"minecraft:fly_one_cm":24252,"minecraft:fall_one_cm":4618,"minecraft:time_since_rest":35678},"minecraft:picked_up":{"minecraft:bone":2,"minecraft:rotten_flesh":3,"minecraft:spruce_log":5,"minecraft:coal":45,"minecraft:dirt":250,"minecraft:cobblestone":660},"minecraft:mined":{"minecraft:grass_block":187,"minecraft:coal_ore":46,"minecraft:dirt":64,"minecraft:spruce_leaves":5,"minecraft:spruce_log":5,"minecraft:stone":826},"minecraft:killed":{"minecraft:skeleton":1,"minecraft:zombie":6}},"DataVersion":3465}