{"stats":{"minecraft:used":{"minecraft:cherry_sapling":4,"minecraft:stone_sword":44,"minecraft:stone_shovel":249,"minecraft:stone_pickaxe":2074,"minecraft:baked_potato":11,"minecraft:iron_pickaxe":131,"minecraft:oak_sign":2,"minecraft:chest":2,"minecraft:stone":16,"minecraft:torch":6,"minecraft:stone_axe":31,"minecraft:dirt":108,"minecraft:bone_meal":5},"minecraft:crafted":{"minecraft:coal_block":1,"minecraft:oak_planks":44,"minecraft:stone_shovel":3,"minecraft:oak_sign":3,"minecraft:spruce_planks":20,"minecraft:stick":52,"minecraft:iron_pickaxe":1,"minecraft:iron_ingot":33,"minecraft:baked_potato":32,"minecraft:stone_pickaxe":17,"minecraft:iron_shovel":1,"minecraft:stone_sword":1,"minecraft:chest":2,"minecraft:stone":57,"minecraft:bone_meal":9,"minecraft:torch":24,"minecraft:stone_axe":1},"minecraft:broken":{"minecraft:stone_pickaxe":15,"minecraft:stone_shovel":1},"minecraft:custom":{"minecraft:time_since_rest":86500,"minecraft:interact_with_furnace":6,"minecraft:sprint_one_cm":150460,"minecraft:damage_taken":395,"minecraft:walk_one_cm":196146,"minecraft:mob_kills":7,"minecraft:damage_dealt":1090,"minecraft:interact_with_crafting_table":19,"minecraft:fly_one_cm":72642,"minecraft:open_barrel":22,"minecraft:open_chest":8,"minecraft:crouch_one_cm":119891,"minecraft:play_time":86500,"minecraft:sneak_time":29776,"minecraft:jump":523,"minecraft:leave_game":5,"minecraft:time_since_death":86500,"minecraft:total_world_time":86500,"minecraft:fall_one_cm":9167},"minecraft:picked_up":{"minecraft:stick":3,"minecraft:gravel":1,"minecraft:oak_log":11,"minecraft:spruce_sapling":3,"minecraft:spruce_log":13,"minecraft:dirt":251,"minecraft:bone":2,"minecraft:rotten_flesh":3,"minecraft:oak_sign":1,"minecraft:wheat_seeds":2,"minecraft:coal":45,"minecraft:cobblestone":1884},"minecraft:mined":{"minecraft:spruce_log":13,"minecraft:grass":19,"minecraft:grass_block":187,"minecraft:oak_log":12,"minecraft:coal_ore":46,"minecraft:oak_sign":1,"minecraft:gravel":1,"minecraft:dirt":65,"minecraft:tall_grass":4,"minecraft:spruce_leaves":14,"minecraft:stone":2158,"minecraft:oak_leaves":2},"minecraft:killed":{"minecraft:skeleton":1,"minecraft:zombie":6}},"DataVersion":3465}