{"stats":{"minecraft:used":{"minecraft:cherry_sapling":4,"minecraft:stone_sword":44,"minecraft:iron_shovel":254,"minecraft:stone_shovel":340,"minecraft:stone_pickaxe":2452,"minecraft:baked_potato":29,"minecraft:oak_sign":2,"minecraft:chest":2,"minecraft:stone":16,"minecraft:iron_sword":31,"minecraft:torch":9,"minecraft:dirt":576,"minecraft:spruce_boat":11,"minecraft:iron_pickaxe":2500,"minecraft:stone_axe":39,"minecraft:cobblestone":97,"minecraft:bone_meal":5},"minecraft:dropped":{"minecraft:cobblestone":59,"minecraft:coal":102,"minecraft:spruce_boat":6},"minecraft:crafted":{"minecraft:coal_block":1,"minecraft:oak_planks":44,"minecraft:stone_shovel":3,"minecraft:oak_sign":3,"minecraft:spruce_planks":48,"minecraft:baked_potato":32,"minecraft:stone":57,"minecraft:bone_meal":9,"minecraft:stone_axe":1,"minecraft:stick":76,"minecraft:iron_ingot":33,"minecraft:iron_pickaxe":10,"minecraft:stone_pickaxe":19,"minecraft:stone_sword":1,"minecraft:chest":2,"minecraft:iron_shovel":1,"minecraft:spruce_boat":6,"minecraft:torch":24},"minecraft:broken":{"minecraft:stone_pickaxe":18,"minecraft:iron_shovel":1,"minecraft:iron_pickaxe":10,"minecraft:stone_shovel":1},"minecraft:custom":{"minecraft:interact_with_furnace":6,"minecraft:mob_kills":9,"minecraft:interact_with_crafting_table":31,"minecraft:open_barrel":35,"minecraft:leave_game":5,"minecraft:time_since_death":209440,"minecraft:sleep_in_bed":2,"minecraft:time_since_rest":24224,"minecraft:sprint_one_cm":335330,"minecraft:damage_taken":1215,"minecraft:walk_one_cm":466738,"minecraft:drop":68,"minecraft:damage_dealt":1804,"minecraft:fly_one_cm":150594,"minecraft:open_chest":19,"minecraft:crouch_one_cm":260149,"minecraft:play_time":209440,"minecraft:sneak_time":71549,"minecraft:boat_one_cm":115900,"minecraft:jump":1092,"minecraft:total_world_time":209440,"minecraft:fall_one_cm":20038},"minecraft:picked_up":{"minecraft:potato":20,"minecraft:oak_log":11,"minecraft:gunpowder":2,"minecraft:dirt":651,"minecraft:bone":2,"minecraft:oak_sign":1,"minecraft:wheat_seeds":5,"minecraft:stick":3,"minecraft:torch":1,"minecraft:gravel":1,"minecraft:spruce_sapling":3,"minecraft:spruce_log":20,"minecraft:rotten_flesh":5,"minecraft:spruce_boat":11,"minecraft:emerald":2,"minecraft:coal":78,"minecraft:cobblestone":4042,"minecraft:oxeye_daisy":2},"minecraft:mined":{"minecraft:torch":1,"minecraft:emerald_ore":2,"minecraft:grass_block":411,"minecraft:tall_grass":5,"minecraft:cobblestone":1,"minecraft:spruce_leaves":15,"minecraft:spruce_log":20,"minecraft:grass":23,"minecraft:coal_ore":81,"minecraft:oak_log":12,"minecraft:oak_sign":1,"minecraft:gravel":1,"minecraft:dirt":192,"minecraft:stone":4865,"minecraft:oak_leaves":2},"minecraft:killed":{"minecraft:skeleton":1,"minecraft:zombie":8}},"DataVersion":3465}