{"stats":{"minecraft:used":{"minecraft:cherry_sapling":4,"minecraft:stone_sword":44,"minecraft:iron_shovel":254,"minecraft:stone_shovel":249,"minecraft:stone_pickaxe":2451,"minecraft:baked_potato":27,"minecraft:iron_pickaxe":2500,"minecraft:oak_sign":2,"minecraft:chest":2,"minecraft:iron_sword":26,"minecraft:stone":16,"minecraft:torch":9,"minecraft:stone_axe":31,"minecraft:dirt":408,"minecraft:cobblestone":93,"minecraft:bone_meal":5},"minecraft:dropped":{"minecraft:cobblestone":59,"minecraft:coal":102},"minecraft:crafted":{"minecraft:coal_block":1,"minecraft:oak_planks":44,"minecraft:stone_shovel":3,"minecraft:oak_sign":3,"minecraft:spruce_planks":20,"minecraft:stick":76,"minecraft:iron_ingot":33,"minecraft:iron_pickaxe":10,"minecraft:baked_potato":32,"minecraft:stone_pickaxe":19,"minecraft:stone_sword":1,"minecraft:chest":2,"minecraft:iron_shovel":1,"minecraft:stone":57,"minecraft:bone_meal":9,"minecraft:torch":24,"minecraft:stone_axe":1},"minecraft:broken":{"minecraft:stone_pickaxe":18,"minecraft:iron_shovel":1,"minecraft:stone_shovel":1,"minecraft:iron_pickaxe":10},"minecraft:custom":{"minecraft:time_since_rest":224,"minecraft:interact_with_furnace":6,"minecraft:sprint_one_cm":309632,"minecraft:damage_taken":1015,"minecraft:walk_one_cm":386310,"minecraft:mob_kills":9,"minecraft:drop":62,"minecraft:damage_dealt":1636,"minecraft:interact_with_crafting_table":26,"minecraft:fly_one_cm":135931,"minecraft:open_barrel":29,"minecraft:open_chest":15,"minecraft:crouch_one_cm":253487,"minecraft:play_time":185440,"minecraft:sneak_time":70378,"minecraft:jump":980,"minecraft:leave_game":5,"minecraft:time_since_death":185440,"minecraft:sleep_in_bed":2,"minecraft:total_world_time":185440,"minecraft:fall_one_cm":17208},"minecraft:picked_up":{"minecraft:stick":3,"minecraft:gravel":1,"minecraft:oak_log":11,"minecraft:spruce_sapling":3,"minecraft:spruce_log":13,"minecraft:dirt":507,"minecraft:bone":2,"minecraft:rotten_flesh":5,"minecraft:oak_sign":1,"minecraft:wheat_seeds":5,"minecraft:emerald":2,"minecraft:coal":78,"minecraft:cobblestone":4036},"minecraft:mined":{"minecraft:spruce_log":13,"minecraft:emerald_ore":2,"minecraft:grass":23,"minecraft:grass_block":349,"minecraft:oak_log":12,"minecraft:coal_ore":81,"minecraft:oak_sign":1,"minecraft:gravel":1,"minecraft:dirt":161,"minecraft:tall_grass":4,"minecraft:cobblestone":1,"minecraft:spruce_leaves":14,"minecraft:stone":4865,"minecraft:oak_leaves":2},"minecraft:killed":{"minecraft:skeleton":1,"minecraft:zombie":8}},"DataVersion":3465}