{"stats":{"minecraft:picked_up":{"minecraft:spruce_log":7,"minecraft:string":2,"minecraft:spider_eye":1,"minecraft:arrow":2,"minecraft:rotten_flesh":7,"minecraft:granite":1,"minecraft:coal":10,"minecraft:cobblestone":1},"minecraft:killed_by":{"minecraft:skeleton":2},"minecraft:killed":{"minecraft:skeleton":1,"minecraft:zombie":4,"minecraft:spider":2},"minecraft:used":{"minecraft:stone_sword":84,"minecraft:stone_pickaxe":12,"minecraft:rotten_flesh":6,"minecraft:stone_axe":2,"minecraft:torch":2,"minecraft:granite":1},"minecraft:mined":{"minecraft:spruce_log":8,"minecraft:granite":1,"minecraft:coal_ore":10,"minecraft:stone":1},"minecraft:custom":{"minecraft:time_since_rest":1312,"minecraft:sprint_one_cm":71383,"minecraft:damage_taken":573,"minecraft:walk_one_cm":61319,"minecraft:mob_kills":8,"minecraft:damage_dealt":1646,"minecraft:talked_to_villager":1,"minecraft:interact_with_crafting_table":3,"minecraft:fly_one_cm":35770,"minecraft:open_chest":3,"minecraft:open_barrel":1,"minecraft:crouch_one_cm":785,"minecraft:play_time":16448,"minecraft:deaths":2,"minecraft:sneak_time":138,"minecraft:walk_under_water_one_cm":6200,"minecraft:jump":309,"minecraft:leave_game":3,"minecraft:walk_on_water_one_cm":10325,"minecraft:time_since_death":1279,"minecraft:total_world_time":16448,"minecraft:climb_one_cm":188,"minecraft:fall_one_cm":7606},"minecraft:crafted":{"minecraft:spruce_planks":24,"minecraft:stick":12,"minecraft:stone_pickaxe":2,"minecraft:stone_sword":2,"minecraft:torch":4,"minecraft:stone_axe":1}},"DataVersion":3465}