{"stats":{"minecraft:used":{"minecraft:cherry_sapling":4,"minecraft:stone_sword":44,"minecraft:stone_shovel":249,"minecraft:stone_pickaxe":1821,"minecraft:baked_potato":11,"minecraft:oak_sign":2,"minecraft:stone":16,"minecraft:torch":6,"minecraft:stone_axe":31,"minecraft:dirt":96,"minecraft:bone_meal":5},"minecraft:crafted":{"minecraft:coal_block":1,"minecraft:oak_planks":12,"minecraft:stone_shovel":3,"minecraft:oak_sign":3,"minecraft:spruce_planks":20,"minecraft:stick":40,"minecraft:baked_potato":32,"minecraft:stone_pickaxe":14,"minecraft:stone_sword":1,"minecraft:stone":57,"minecraft:bone_meal":9,"minecraft:torch":16,"minecraft:stone_axe":1},"minecraft:broken":{"minecraft:stone_pickaxe":13,"minecraft:stone_shovel":1},"minecraft:custom":{"minecraft:time_since_rest":71678,"minecraft:interact_with_furnace":4,"minecraft:sprint_one_cm":127868,"minecraft:damage_taken":365,"minecraft:walk_one_cm":174344,"minecraft:mob_kills":7,"minecraft:damage_dealt":1090,"minecraft:interact_with_crafting_table":15,"minecraft:fly_one_cm":65378,"minecraft:open_barrel":15,"minecraft:open_chest":4,"minecraft:crouch_one_cm":97788,"minecraft:play_time":71678,"minecraft:sneak_time":25280,"minecraft:jump":468,"minecraft:leave_game":2,"minecraft:time_since_death":71678,"minecraft:total_world_time":71678,"minecraft:fall_one_cm":7895},"minecraft:picked_up":{"minecraft:stick":3,"minecraft:gravel":1,"minecraft:oak_log":11,"minecraft:spruce_sapling":3,"minecraft:spruce_log":13,"minecraft:dirt":251,"minecraft:oak_sign":1,"minecraft:bone":2,"minecraft:rotten_flesh":3,"minecraft:wheat_seeds":2,"minecraft:coal":45,"minecraft:cobblestone":1523},"minecraft:mined":{"minecraft:spruce_log":13,"minecraft:grass":19,"minecraft:oak_log":12,"minecraft:grass_block":187,"minecraft:coal_ore":46,"minecraft:oak_sign":1,"minecraft:gravel":1,"minecraft:dirt":65,"minecraft:tall_grass":4,"minecraft:spruce_leaves":14,"minecraft:stone":1774,"minecraft:oak_leaves":2},"minecraft:killed":{"minecraft:skeleton":1,"minecraft:zombie":6}},"DataVersion":3465}