{"stats":{"minecraft:used":{"minecraft:cherry_sapling":4,"minecraft:stone_sword":44,"minecraft:iron_shovel":225,"minecraft:stone_shovel":249,"minecraft:stone_pickaxe":2074,"minecraft:baked_potato":26,"minecraft:iron_pickaxe":2500,"minecraft:oak_sign":2,"minecraft:chest":2,"minecraft:iron_sword":26,"minecraft:stone":16,"minecraft:torch":9,"minecraft:stone_axe":31,"minecraft:dirt":378,"minecraft:cobblestone":52,"minecraft:bone_meal":5},"minecraft:dropped":{"minecraft:cobblestone":59,"minecraft:coal":102},"minecraft:crafted":{"minecraft:coal_block":1,"minecraft:oak_planks":44,"minecraft:stone_shovel":3,"minecraft:oak_sign":3,"minecraft:spruce_planks":20,"minecraft:stick":72,"minecraft:iron_ingot":33,"minecraft:iron_pickaxe":10,"minecraft:baked_potato":32,"minecraft:stone_pickaxe":17,"minecraft:stone_sword":1,"minecraft:chest":2,"minecraft:iron_shovel":1,"minecraft:stone":57,"minecraft:bone_meal":9,"minecraft:torch":24,"minecraft:stone_axe":1},"minecraft:broken":{"minecraft:stone_pickaxe":15,"minecraft:stone_shovel":1,"minecraft:iron_pickaxe":10},"minecraft:custom":{"minecraft:time_since_rest":17950,"minecraft:interact_with_furnace":6,"minecraft:sprint_one_cm":297541,"minecraft:damage_taken":995,"minecraft:walk_one_cm":375421,"minecraft:mob_kills":9,"minecraft:drop":62,"minecraft:damage_dealt":1636,"minecraft:interact_with_crafting_table":25,"minecraft:fly_one_cm":131043,"minecraft:open_barrel":28,"minecraft:open_chest":13,"minecraft:crouch_one_cm":231170,"minecraft:play_time":173440,"minecraft:sneak_time":62247,"minecraft:jump":936,"minecraft:leave_game":5,"minecraft:time_since_death":173440,"minecraft:sleep_in_bed":1,"minecraft:total_world_time":173440,"minecraft:fall_one_cm":16538},"minecraft:picked_up":{"minecraft:stick":3,"minecraft:gravel":1,"minecraft:oak_log":11,"minecraft:spruce_sapling":3,"minecraft:spruce_log":13,"minecraft:dirt":477,"minecraft:bone":2,"minecraft:rotten_flesh":5,"minecraft:oak_sign":1,"minecraft:wheat_seeds":5,"minecraft:emerald":2,"minecraft:coal":56,"minecraft:cobblestone":3678},"minecraft:mined":{"minecraft:spruce_log":13,"minecraft:emerald_ore":2,"minecraft:grass":23,"minecraft:grass_block":349,"minecraft:oak_log":12,"minecraft:coal_ore":59,"minecraft:oak_sign":1,"minecraft:gravel":1,"minecraft:dirt":131,"minecraft:tall_grass":4,"minecraft:cobblestone":1,"minecraft:spruce_leaves":14,"minecraft:stone":4510,"minecraft:oak_leaves":2},"minecraft:killed":{"minecraft:skeleton":1,"minecraft:zombie":8}},"DataVersion":3465}