{"stats":{"minecraft:used":{"minecraft:cherry_sapling":4,"minecraft:stone_sword":44,"minecraft:stone_shovel":248,"minecraft:stone_pickaxe":1572,"minecraft:baked_potato":9,"minecraft:stone":16,"minecraft:torch":6,"minecraft:stone_axe":31,"minecraft:dirt":75},"minecraft:crafted":{"minecraft:coal_block":1,"minecraft:stone_shovel":3,"minecraft:spruce_planks":20,"minecraft:stick":40,"minecraft:baked_potato":32,"minecraft:stone_pickaxe":14,"minecraft:stone_sword":1,"minecraft:stone":57,"minecraft:torch":16,"minecraft:stone_axe":1},"minecraft:broken":{"minecraft:stone_pickaxe":12,"minecraft:stone_shovel":1},"minecraft:custom":{"minecraft:time_since_rest":59678,"minecraft:interact_with_furnace":4,"minecraft:sprint_one_cm":105019,"minecraft:damage_taken":355,"minecraft:walk_one_cm":157286,"minecraft:mob_kills":7,"minecraft:damage_dealt":1090,"minecraft:interact_with_crafting_table":10,"minecraft:fly_one_cm":52587,"minecraft:open_barrel":8,"minecraft:open_chest":4,"minecraft:crouch_one_cm":82324,"minecraft:play_time":59678,"minecraft:sneak_time":20992,"minecraft:jump":398,"minecraft:leave_game":2,"minecraft:time_since_death":59678,"minecraft:total_world_time":59678,"minecraft:fall_one_cm":7626},"minecraft:picked_up":{"minecraft:stick":3,"minecraft:oak_log":11,"minecraft:spruce_sapling":3,"minecraft:spruce_log":13,"minecraft:dirt":251,"minecraft:bone":2,"minecraft:rotten_flesh":3,"minecraft:coal":45,"minecraft:cobblestone":1291},"minecraft:mined":{"minecraft:spruce_log":13,"minecraft:oak_log":12,"minecraft:grass_block":187,"minecraft:coal_ore":46,"minecraft:dirt":65,"minecraft:spruce_leaves":14,"minecraft:stone":1526,"minecraft:oak_leaves":2},"minecraft:killed":{"minecraft:skeleton":1,"minecraft:zombie":6}},"DataVersion":3465}