{"stats":{"minecraft:used":{"minecraft:cherry_boat":4,"minecraft:cherry_sapling":4,"minecraft:stone_sword":44,"minecraft:iron_shovel":478,"minecraft:stone_shovel":381,"minecraft:stone_pickaxe":2456,"minecraft:baked_potato":33,"minecraft:oak_sign":2,"minecraft:chest":2,"minecraft:stone":16,"minecraft:iron_sword":35,"minecraft:torch":9,"minecraft:dirt":699,"minecraft:crafting_table":1,"minecraft:spruce_boat":13,"minecraft:iron_pickaxe":2500,"minecraft:stone_axe":39,"minecraft:cobblestone":97,"minecraft:bone_meal":5},"minecraft:dropped":{"minecraft:cobblestone":59,"minecraft:coal":102,"minecraft:spruce_boat":6},"minecraft:crafted":{"minecraft:coal_block":1,"minecraft:oak_planks":44,"minecraft:stone_shovel":3,"minecraft:oak_sign":3,"minecraft:arrow":32,"minecraft:crafting_table":1,"minecraft:spruce_planks":48,"minecraft:baked_potato":32,"minecraft:cherry_boat":3,"minecraft:stone":57,"minecraft:bone_meal":9,"minecraft:stone_axe":1,"minecraft:stick":76,"minecraft:iron_ingot":33,"minecraft:iron_pickaxe":10,"minecraft:stone_pickaxe":19,"minecraft:stone_sword":1,"minecraft:chest":2,"minecraft:iron_shovel":2,"minecraft:spruce_boat":6,"minecraft:torch":24},"minecraft:broken":{"minecraft:stone_pickaxe":18,"minecraft:iron_shovel":1,"minecraft:iron_pickaxe":10,"minecraft:stone_shovel":2},"minecraft:custom":{"minecraft:interact_with_furnace":6,"minecraft:mob_kills":9,"minecraft:traded_with_villager":2,"minecraft:interact_with_crafting_table":35,"minecraft:open_barrel":36,"minecraft:leave_game":5,"minecraft:time_since_death":233440,"minecraft:sleep_in_bed":2,"minecraft:time_since_rest":48224,"minecraft:sprint_one_cm":356042,"minecraft:damage_taken":1345,"minecraft:walk_one_cm":550923,"minecraft:drop":68,"minecraft:damage_dealt":1874,"minecraft:talked_to_villager":12,"minecraft:fly_one_cm":159467,"minecraft:open_chest":19,"minecraft:crouch_one_cm":267552,"minecraft:play_time":233440,"minecraft:sneak_time":73187,"minecraft:boat_one_cm":175681,"minecraft:jump":1203,"minecraft:total_world_time":233440,"minecraft:fall_one_cm":22959},"minecraft:picked_up":{"minecraft:cherry_planks":62,"minecraft:potato":20,"minecraft:oak_log":11,"minecraft:gunpowder":2,"minecraft:dirt":910,"minecraft:bone":2,"minecraft:oak_sign":1,"minecraft:cherry_boat":2,"minecraft:wheat_seeds":11,"minecraft:stick":3,"minecraft:torch":2,"minecraft:gravel":1,"minecraft:spruce_sapling":3,"minecraft:spruce_log":20,"minecraft:rotten_flesh":5,"minecraft:spruce_boat":13,"minecraft:emerald":2,"minecraft:coal":78,"minecraft:cobblestone":4047,"minecraft:oxeye_daisy":2},"minecraft:mined":{"minecraft:torch":1,"minecraft:emerald_ore":2,"minecraft:grass_block":589,"minecraft:tall_grass":13,"minecraft:cobblestone":5,"minecraft:spruce_leaves":15,"minecraft:spruce_log":20,"minecraft:grass":32,"minecraft:coal_ore":81,"minecraft:oak_log":12,"minecraft:oak_sign":1,"minecraft:gravel":1,"minecraft:dirt":269,"minecraft:stone":4865,"minecraft:oak_leaves":2},"minecraft:killed":{"minecraft:skeleton":1,"minecraft:zombie":8}},"DataVersion":3465}