{"stats":{"minecraft:used":{"minecraft:iron_shovel":1870,"minecraft:stone_shovel":20,"minecraft:chest":2,"minecraft:shield":3,"minecraft:iron_sword":159,"minecraft:cooked_chicken":2,"minecraft:torch":194,"minecraft:dirt":5741,"minecraft:carrot":73,"minecraft:granite":1,"minecraft:iron_hoe":171,"minecraft:lantern":2,"minecraft:iron_axe":83,"minecraft:sweet_berries":25,"minecraft:furnace":5,"minecraft:cooked_beef":3,"minecraft:potato":255,"minecraft:cobbled_deepslate":5,"minecraft:wheat_seeds":84,"minecraft:water_bucket":34,"minecraft:spruce_door":2,"minecraft:baked_potato":32,"minecraft:stone_pickaxe":131,"minecraft:wooden_pickaxe":6,"minecraft:sand":20,"minecraft:crafting_table":8,"minecraft:white_bed":6,"minecraft:spruce_log":2,"minecraft:smoker":3,"minecraft:diamond_pickaxe":209,"minecraft:diamond_shovel":1060,"minecraft:iron_pickaxe":341,"minecraft:bread":17,"minecraft:pig_spawn_egg":1,"minecraft:spruce_sapling":1,"minecraft:stone_axe":2,"minecraft:cobblestone":82,"minecraft:cooked_porkchop":4,"minecraft:bucket":34,"minecraft:bone_meal":15},"minecraft:dropped":{"minecraft:wheat_seeds":17,"minecraft:baked_potato":2,"minecraft:diamond":1,"minecraft:cooked_porkchop":2,"minecraft:cobblestone":102,"minecraft:granite":9,"minecraft:stick":4,"minecraft:oxeye_daisy":7,"minecraft:dirt":214,"minecraft:diorite":20,"minecraft:snowball":17,"minecraft:iron_pickaxe":3,"minecraft:spruce_sapling":5,"minecraft:dandelion":3,"minecraft:gravel":7,"minecraft:stone_axe":2,"minecraft:cooked_chicken":2,"minecraft:stone_sword":2,"minecraft:cobbled_deepslate":6,"minecraft:stone_shovel":2,"minecraft:rotten_flesh":22,"minecraft:white_bed":1,"minecraft:poppy":3,"minecraft:allium":14,"minecraft:barrel":1,"minecraft:spider_eye":1,"minecraft:spruce_slab":4,"minecraft:wooden_pickaxe":2,"minecraft:stone_pickaxe":1},"minecraft:crafted":{"minecraft:oak_planks":60,"minecraft:stone_shovel":1,"minecraft:cooked_chicken":2,"minecraft:furnace":2,"minecraft:bone_meal":15,"minecraft:diamond_shovel":1,"minecraft:iron_boots":1,"minecraft:iron_axe":1,"minecraft:iron_hoe":1,"minecraft:stone_pickaxe":1,"minecraft:chest":2,"minecraft:smoker":1,"minecraft:cooked_beef":7,"minecraft:cooked_porkchop":6,"minecraft:crafting_table":2,"minecraft:spruce_planks":104,"minecraft:iron_helmet":1,"minecraft:baked_potato":18,"minecraft:wooden_pickaxe":1,"minecraft:iron_sword":1,"minecraft:bucket":3,"minecraft:stone_axe":1,"minecraft:air":0,"minecraft:iron_chestplate":1,"minecraft:diamond_pickaxe":1,"minecraft:shield":1,"minecraft:stick":104,"minecraft:iron_ingot":65,"minecraft:iron_pickaxe":2,"minecraft:iron_shovel":7,"minecraft:iron_leggings":1,"minecraft:torch":260},"minecraft:broken":{"minecraft:iron_shovel":7,"minecraft:stone_pickaxe":1},"minecraft:custom":{"minecraft:mob_kills":56,"minecraft:interact_with_crafting_table":44,"minecraft:open_barrel":40,"minecraft:bell_ring":12,"minecraft:leave_game":7,"minecraft:time_since_death":70989,"minecraft:climb_one_cm":1115,"minecraft:sprint_one_cm":631262,"minecraft:walk_one_cm":830542,"minecraft:damage_blocked_by_shield":43,"minecraft:drop":92,"minecraft:play_time":336525,"minecraft:sneak_time":30904,"minecraft:deaths":6,"minecraft:walk_under_water_one_cm":2756,"minecraft:jump":4503,"minecraft:walk_on_water_one_cm":8489,"minecraft:total_world_time":336525,"minecraft:interact_with_furnace":52,"minecraft:sleep_in_bed":4,"minecraft:time_since_rest":71014,"minecraft:damage_taken":3188,"minecraft:damage_dealt":10663,"minecraft:player_kills":1,"minecraft:swim_one_cm":19562,"minecraft:fly_one_cm":991217,"minecraft:open_chest":71,"minecraft:crouch_one_cm":155657,"minecraft:interact_with_smoker":35,"minecraft:fall_one_cm":86834},"minecraft:picked_up":{"minecraft:crafting_table":9,"minecraft:iron_chestplate":3,"minecraft:wheat":96,"minecraft:allium":27,"minecraft:chicken":2,"minecraft:wooden_pickaxe":1,"minecraft:shield":3,"minecraft:string":5,"minecraft:raw_copper":16,"minecraft:iron_axe":3,"minecraft:iron_leggings":3,"minecraft:iron_shovel":2,"minecraft:cobbled_deepslate":11,"minecraft:bucket":9,"minecraft:spruce_planks":13,"minecraft:beef":9,"minecraft:poppy":14,"minecraft:iron_pickaxe":3,"minecraft:spruce_slab":4,"minecraft:iron_boots":3,"minecraft:furnace":6,"minecraft:stick":37,"minecraft:raw_iron":98,"minecraft:torch":30,"minecraft:porkchop":6,"minecraft:diorite":37,"minecraft:carrot":161,"minecraft:redstone":112,"minecraft:stone_sword":2,"minecraft:arrow":29,"minecraft:rotten_flesh":33,"minecraft:stone_shovel":4,"minecraft:snowball":17,"minecraft:cobblestone":833,"minecraft:oxeye_daisy":18,"minecraft:feather":7,"minecraft:leather":12,"minecraft:smoker":4,"minecraft:potato":550,"minecraft:flint":2,"minecraft:oak_log":31,"minecraft:gunpowder":10,"minecraft:lapis_lazuli":78,"minecraft:dirt":4196,"minecraft:lantern":2,"minecraft:white_banner":2,"minecraft:bone":18,"minecraft:wheat_seeds":185,"minecraft:raw_gold":44,"minecraft:bell":2,"minecraft:stone_pickaxe":4,"minecraft:iron_ingot":47,"minecraft:cooked_chicken":3,"minecraft:iron_sword":3,"minecraft:cooked_porkchop":4,"minecraft:sweet_berries":82,"minecraft:dandelion":7,"minecraft:gravel":28,"minecraft:sand":68,"minecraft:amethyst_shard":4,"minecraft:spruce_sapling":6,"minecraft:white_bed":6,"minecraft:spruce_log":49,"minecraft:barrel":1,"minecraft:spruce_door":2,"minecraft:spider_eye":1,"minecraft:iron_hoe":1,"minecraft:diamond_shovel":1,"minecraft:diamond":5,"minecraft:stone_axe":4,"minecraft:iron_helmet":3,"minecraft:granite":13,"minecraft:bread":1,"minecraft:emerald":1,"minecraft:baked_potato":28,"minecraft:coal":339,"minecraft:diamond_pickaxe":2},"minecraft:mined":{"minecraft:white_bed":4,"minecraft:farmland":6,"minecraft:deepslate_diamond_ore":4,"minecraft:granite":13,"minecraft:allium":3,"minecraft:grass_block":1853,"minecraft:spruce_leaves":14,"minecraft:oxeye_daisy":8,"minecraft:furnace":4,"minecraft:carrots":64,"minecraft:iron_ore":66,"minecraft:snow":1,"minecraft:deepslate_lapis_ore":5,"minecraft:bell":2,"minecraft:potatoes":199,"minecraft:deepslate_iron_ore":26,"minecraft:stone":432,"minecraft:deepslate_redstone_ore":17,"minecraft:smoker":2,"minecraft:dandelion":1,"minecraft:powder_snow":12,"minecraft:crafting_table":7,"minecraft:torch":5,"minecraft:emerald_ore":1,"minecraft:poppy":5,"minecraft:tall_grass":56,"minecraft:copper_ore":6,"minecraft:cobblestone":4,"minecraft:deepslate_gold_ore":19,"minecraft:diorite":18,"minecraft:wheat":58,"minecraft:sweet_berry_bush":12,"minecraft:spruce_log":41,"minecraft:grass":216,"minecraft:oak_log":12,"minecraft:coal_ore":53,"minecraft:gravel":24,"minecraft:sand":20,"minecraft:dirt":957,"minecraft:gold_ore":3,"minecraft:oak_leaves":1,"minecraft:deepslate":8,"minecraft:fern":1},"minecraft:killed":{"minecraft:spider":2,"minecraft:skeleton":8,"minecraft:chicken":2,"minecraft:pig":3,"minecraft:creeper":7,"minecraft:pillager":3,"minecraft:zombie":23,"minecraft:enderman":1,"minecraft:cow":5},"minecraft:killed_by":{"minecraft:enderman":1,"minecraft:skeleton":1}},"DataVersion":3465}