{"stats":{"minecraft:picked_up":{"minecraft:crafting_table":8,"minecraft:iron_chestplate":2,"minecraft:wheat":6,"minecraft:chicken":2,"minecraft:wooden_pickaxe":1,"minecraft:shield":2,"minecraft:string":4,"minecraft:raw_copper":16,"minecraft:iron_axe":2,"minecraft:iron_leggings":2,"minecraft:iron_shovel":2,"minecraft:cobbled_deepslate":11,"minecraft:bucket":6,"minecraft:spruce_planks":13,"minecraft:beef":9,"minecraft:poppy":4,"minecraft:iron_pickaxe":3,"minecraft:spruce_slab":4,"minecraft:iron_boots":2,"minecraft:furnace":6,"minecraft:stick":33,"minecraft:raw_iron":98,"minecraft:torch":15,"minecraft:porkchop":6,"minecraft:diorite":37,"minecraft:carrot":15,"minecraft:redstone":96,"minecraft:rotten_flesh":27,"minecraft:stone_sword":2,"minecraft:arrow":16,"minecraft:stone_shovel":4,"minecraft:snowball":17,"minecraft:cobblestone":634,"minecraft:feather":7,"minecraft:leather":8,"minecraft:smoker":4,"minecraft:potato":16,"minecraft:flint":2,"minecraft:oak_log":25,"minecraft:gunpowder":2,"minecraft:lapis_lazuli":52,"minecraft:dirt":1364,"minecraft:lantern":2,"minecraft:bone":12,"minecraft:wheat_seeds":58,"minecraft:raw_gold":44,"minecraft:bell":2,"minecraft:stone_pickaxe":4,"minecraft:iron_ingot":28,"minecraft:cooked_chicken":3,"minecraft:iron_sword":2,"minecraft:cooked_porkchop":4,"minecraft:sweet_berries":82,"minecraft:dandelion":3,"minecraft:gravel":28,"minecraft:sand":68,"minecraft:spruce_sapling":1,"minecraft:white_bed":4,"minecraft:spruce_log":31,"minecraft:barrel":1,"minecraft:spider_eye":1,"minecraft:diamond":4,"minecraft:stone_axe":4,"minecraft:iron_helmet":2,"minecraft:granite":13,"minecraft:baked_potato":28,"minecraft:coal":339,"minecraft:diamond_pickaxe":1},"minecraft:killed_by":{"minecraft:skeleton":1},"minecraft:broken":{"minecraft:iron_shovel":5,"minecraft:stone_pickaxe":1},"minecraft:dropped":{"minecraft:wheat_seeds":4,"minecraft:baked_potato":2,"minecraft:diamond":1,"minecraft:cooked_porkchop":2,"minecraft:cobblestone":102,"minecraft:granite":9,"minecraft:stick":2,"minecraft:dirt":150,"minecraft:diorite":20,"minecraft:snowball":17,"minecraft:iron_pickaxe":3,"minecraft:spruce_sapling":1,"minecraft:dandelion":3,"minecraft:gravel":7,"minecraft:stone_axe":2,"minecraft:cooked_chicken":2,"minecraft:stone_sword":2,"minecraft:cobbled_deepslate":6,"minecraft:stone_shovel":2,"minecraft:rotten_flesh":22,"minecraft:white_bed":1,"minecraft:poppy":3,"minecraft:barrel":1,"minecraft:spider_eye":1,"minecraft:spruce_slab":4,"minecraft:wooden_pickaxe":2,"minecraft:stone_pickaxe":1},"minecraft:killed":{"minecraft:spider":1,"minecraft:skeleton":6,"minecraft:chicken":2,"minecraft:pig":3,"minecraft:creeper":1,"minecraft:zombie":14,"minecraft:cow":5},"minecraft:used":{"minecraft:iron_shovel":1325,"minecraft:stone_shovel":20,"minecraft:chest":2,"minecraft:shield":3,"minecraft:iron_sword":107,"minecraft:cooked_chicken":2,"minecraft:dirt":1207,"minecraft:carrot":16,"minecraft:granite":1,"minecraft:iron_hoe":133,"minecraft:lantern":2,"minecraft:iron_axe":36,"minecraft:sweet_berries":25,"minecraft:furnace":5,"minecraft:potato":16,"minecraft:cobbled_deepslate":5,"minecraft:wheat_seeds":44,"minecraft:water_bucket":29,"minecraft:baked_potato":18,"minecraft:stone_pickaxe":131,"minecraft:wooden_pickaxe":6,"minecraft:sand":20,"minecraft:crafting_table":8,"minecraft:white_bed":5,"minecraft:smoker":3,"minecraft:diamond_pickaxe":149,"minecraft:iron_pickaxe":341,"minecraft:pig_spawn_egg":1,"minecraft:stone_axe":2,"minecraft:cobblestone":82,"minecraft:cooked_porkchop":4,"minecraft:bucket":29,"minecraft:bone_meal":15},"minecraft:custom":{"minecraft:mob_kills":34,"minecraft:interact_with_crafting_table":39,"minecraft:open_barrel":9,"minecraft:bell_ring":12,"minecraft:leave_game":4,"minecraft:time_since_death":58584,"minecraft:sprint_one_cm":283776,"minecraft:walk_one_cm":412597,"minecraft:damage_blocked_by_shield":43,"minecraft:drop":65,"minecraft:play_time":138414,"minecraft:deaths":5,"minecraft:sneak_time":5969,"minecraft:walk_under_water_one_cm":2458,"minecraft:jump":2321,"minecraft:walk_on_water_one_cm":7643,"minecraft:total_world_time":138414,"minecraft:interact_with_furnace":52,"minecraft:sleep_in_bed":3,"minecraft:time_since_rest":44375,"minecraft:damage_taken":1784,"minecraft:damage_dealt":5899,"minecraft:swim_one_cm":17658,"minecraft:fly_one_cm":485801,"minecraft:player_kills":1,"minecraft:open_chest":26,"minecraft:crouch_one_cm":18136,"minecraft:interact_with_smoker":29,"minecraft:fall_one_cm":47994},"minecraft:mined":{"minecraft:white_bed":3,"minecraft:farmland":6,"minecraft:deepslate_diamond_ore":4,"minecraft:granite":13,"minecraft:grass_block":1103,"minecraft:spruce_leaves":12,"minecraft:furnace":4,"minecraft:carrots":8,"minecraft:iron_ore":66,"minecraft:snow":1,"minecraft:deepslate_lapis_ore":5,"minecraft:bell":2,"minecraft:potatoes":8,"minecraft:deepslate_iron_ore":26,"minecraft:stone":373,"minecraft:deepslate_redstone_ore":17,"minecraft:smoker":2,"minecraft:dandelion":1,"minecraft:powder_snow":12,"minecraft:crafting_table":7,"minecraft:copper_ore":6,"minecraft:tall_grass":44,"minecraft:cobblestone":4,"minecraft:deepslate_gold_ore":19,"minecraft:diorite":18,"minecraft:wheat":18,"minecraft:sweet_berry_bush":12,"minecraft:spruce_log":23,"minecraft:grass":159,"minecraft:oak_log":6,"minecraft:coal_ore":53,"minecraft:gravel":24,"minecraft:sand":20,"minecraft:dirt":125,"minecraft:gold_ore":3,"minecraft:oak_leaves":1,"minecraft:deepslate":8,"minecraft:fern":1},"minecraft:crafted":{"minecraft:oak_planks":36,"minecraft:stone_shovel":1,"minecraft:cooked_chicken":2,"minecraft:furnace":2,"minecraft:bone_meal":15,"minecraft:iron_boots":1,"minecraft:iron_axe":1,"minecraft:iron_hoe":1,"minecraft:stone_pickaxe":1,"minecraft:chest":2,"minecraft:smoker":1,"minecraft:cooked_porkchop":6,"minecraft:crafting_table":2,"minecraft:spruce_planks":40,"minecraft:iron_helmet":1,"minecraft:baked_potato":18,"minecraft:wooden_pickaxe":1,"minecraft:iron_sword":1,"minecraft:bucket":3,"minecraft:stone_axe":1,"minecraft:air":0,"minecraft:iron_chestplate":1,"minecraft:diamond_pickaxe":1,"minecraft:shield":1,"minecraft:stick":36,"minecraft:iron_pickaxe":2,"minecraft:iron_ingot":65,"minecraft:iron_shovel":5,"minecraft:iron_leggings":1,"minecraft:torch":4}},"DataVersion":3465}