{"stats":{"minecraft:picked_up":{"minecraft:iron_chestplate":1,"minecraft:crafting_table":5,"minecraft:feather":7,"minecraft:chicken":2,"minecraft:leather":4,"minecraft:smoker":2,"minecraft:oak_log":16,"minecraft:gunpowder":2,"minecraft:shield":1,"minecraft:lapis_lazuli":26,"minecraft:string":4,"minecraft:dirt":28,"minecraft:iron_axe":1,"minecraft:iron_leggings":1,"minecraft:iron_shovel":1,"minecraft:bone":4,"minecraft:wheat_seeds":1,"minecraft:cobbled_deepslate":11,"minecraft:raw_gold":22,"minecraft:bucket":3,"minecraft:spruce_planks":13,"minecraft:iron_ingot":1,"minecraft:beef":2,"minecraft:stone_pickaxe":4,"minecraft:cooked_chicken":3,"minecraft:poppy":1,"minecraft:iron_pickaxe":1,"minecraft:iron_sword":1,"minecraft:iron_boots":1,"minecraft:furnace":4,"minecraft:stick":31,"minecraft:raw_iron":98,"minecraft:cooked_porkchop":4,"minecraft:sweet_berries":82,"minecraft:torch":4,"minecraft:gravel":7,"minecraft:sand":68,"minecraft:porkchop":6,"minecraft:spruce_sapling":1,"minecraft:white_bed":1,"minecraft:diorite":20,"minecraft:spruce_log":31,"minecraft:redstone":80,"minecraft:barrel":1,"minecraft:spider_eye":1,"minecraft:stone_sword":1,"minecraft:arrow":3,"minecraft:rotten_flesh":14,"minecraft:stone_shovel":3,"minecraft:diamond":4,"minecraft:stone_axe":4,"minecraft:iron_helmet":1,"minecraft:granite":13,"minecraft:snowball":1,"minecraft:coal":275,"minecraft:cobblestone":472},"minecraft:broken":{"minecraft:stone_pickaxe":1},"minecraft:dropped":{"minecraft:stone_axe":2,"minecraft:wheat_seeds":1,"minecraft:baked_potato":2,"minecraft:cooked_chicken":2,"minecraft:stone_sword":1,"minecraft:cobbled_deepslate":6,"minecraft:diamond":1,"minecraft:cooked_porkchop":2,"minecraft:stone_shovel":1,"minecraft:cobblestone":68,"minecraft:rotten_flesh":14,"minecraft:granite":9,"minecraft:poppy":1,"minecraft:dirt":8,"minecraft:diorite":3,"minecraft:snowball":1,"minecraft:barrel":1,"minecraft:spider_eye":1,"minecraft:stone_pickaxe":1,"minecraft:wooden_pickaxe":1,"minecraft:iron_pickaxe":1,"minecraft:spruce_sapling":1},"minecraft:killed":{"minecraft:pig":2,"minecraft:spider":1,"minecraft:creeper":1,"minecraft:skeleton":3,"minecraft:zombie":9,"minecraft:chicken":2,"minecraft:cow":1},"minecraft:used":{"minecraft:iron_shovel":32,"minecraft:baked_potato":2,"minecraft:stone_pickaxe":131,"minecraft:stone_shovel":20,"minecraft:wooden_pickaxe":6,"minecraft:iron_sword":61,"minecraft:cooked_chicken":2,"minecraft:dirt":13,"minecraft:sand":20,"minecraft:crafting_table":6,"minecraft:white_bed":4,"minecraft:granite":1,"minecraft:smoker":1,"minecraft:diamond_pickaxe":4,"minecraft:iron_pickaxe":341,"minecraft:iron_axe":34,"minecraft:stone_axe":2,"minecraft:cobblestone":82,"minecraft:sweet_berries":25,"minecraft:furnace":3,"minecraft:cooked_porkchop":4,"minecraft:cobbled_deepslate":5},"minecraft:custom":{"minecraft:interact_with_furnace":48,"minecraft:mob_kills":20,"minecraft:interact_with_crafting_table":28,"minecraft:open_barrel":9,"minecraft:bell_ring":12,"minecraft:leave_game":3,"minecraft:time_since_death":20771,"minecraft:sleep_in_bed":2,"minecraft:time_since_rest":1352,"minecraft:sprint_one_cm":122547,"minecraft:damage_taken":1124,"minecraft:walk_one_cm":126157,"minecraft:drop":37,"minecraft:damage_dealt":3594,"minecraft:swim_one_cm":14013,"minecraft:fly_one_cm":195836,"minecraft:open_chest":5,"minecraft:crouch_one_cm":12947,"minecraft:play_time":78506,"minecraft:deaths":4,"minecraft:sneak_time":4630,"minecraft:walk_under_water_one_cm":2198,"minecraft:jump":1196,"minecraft:walk_on_water_one_cm":6343,"minecraft:interact_with_smoker":27,"minecraft:total_world_time":78506,"minecraft:fall_one_cm":31672},"minecraft:mined":{"minecraft:deepslate_redstone_ore":17,"minecraft:white_bed":2,"minecraft:smoker":2,"minecraft:deepslate_diamond_ore":4,"minecraft:powder_snow":12,"minecraft:crafting_table":6,"minecraft:granite":13,"minecraft:grass_block":3,"minecraft:cobblestone":4,"minecraft:spruce_leaves":12,"minecraft:deepslate_gold_ore":19,"minecraft:diorite":18,"minecraft:furnace":4,"minecraft:iron_ore":66,"minecraft:sweet_berry_bush":10,"minecraft:snow":1,"minecraft:spruce_log":23,"minecraft:deepslate_lapis_ore":5,"minecraft:deepslate_iron_ore":26,"minecraft:grass":3,"minecraft:oak_log":6,"minecraft:coal_ore":50,"minecraft:gravel":7,"minecraft:sand":20,"minecraft:dirt":16,"minecraft:stone":242,"minecraft:gold_ore":3,"minecraft:deepslate":8,"minecraft:oak_leaves":1,"minecraft:fern":1},"minecraft:crafted":{"minecraft:stone_shovel":1,"minecraft:cooked_porkchop":6,"minecraft:crafting_table":2,"minecraft:baked_potato":18,"minecraft:spruce_planks":36,"minecraft:cooked_chicken":2,"minecraft:wooden_pickaxe":1,"minecraft:iron_helmet":1,"minecraft:iron_sword":1,"minecraft:furnace":2,"minecraft:bucket":3,"minecraft:stone_axe":1,"minecraft:air":0,"minecraft:diamond_pickaxe":1,"minecraft:iron_boots":1,"minecraft:iron_chestplate":1,"minecraft:shield":1,"minecraft:iron_axe":1,"minecraft:stick":24,"minecraft:iron_ingot":65,"minecraft:iron_pickaxe":2,"minecraft:stone_pickaxe":1,"minecraft:iron_shovel":1,"minecraft:iron_leggings":1,"minecraft:torch":4,"minecraft:smoker":1}},"DataVersion":3465}