{"stats":{"minecraft:used":{"minecraft:oak_fence":2,"minecraft:iron_shovel":2119,"minecraft:stone_shovel":23,"minecraft:diamond_hoe":85,"minecraft:chest":3,"minecraft:spruce_planks":6,"minecraft:shield":3,"minecraft:iron_sword":168,"minecraft:cooked_chicken":2,"minecraft:torch":262,"minecraft:dirt":6119,"minecraft:carrot":203,"minecraft:granite":1,"minecraft:spruce_boat":29,"minecraft:iron_hoe":180,"minecraft:lantern":2,"minecraft:iron_axe":226,"minecraft:sweet_berries":25,"minecraft:furnace":12,"minecraft:minecart":9,"minecraft:potato":645,"minecraft:cooked_beef":7,"minecraft:cobbled_deepslate":25,"minecraft:cherry_log":4,"minecraft:wheat_seeds":163,"minecraft:water_bucket":51,"minecraft:cobblestone_stairs":80,"minecraft:spruce_door":2,"minecraft:baked_potato":36,"minecraft:oak_planks":23,"minecraft:stone_pickaxe":131,"minecraft:powered_rail":5,"minecraft:sugar_cane":1,"minecraft:wooden_pickaxe":6,"minecraft:composter":27,"minecraft:diamond_axe":40,"minecraft:sand":27,"minecraft:rail":89,"minecraft:crafting_table":12,"minecraft:white_bed":9,"minecraft:dripstone_block":2,"minecraft:spruce_log":2,"minecraft:smoker":8,"minecraft:redstone_torch":3,"minecraft:oak_log":1,"minecraft:diamond_pickaxe":731,"minecraft:iron_pickaxe":341,"minecraft:diamond_shovel":1493,"minecraft:bread":42,"minecraft:pig_spawn_egg":1,"minecraft:spruce_sapling":1,"minecraft:stone_axe":2,"minecraft:cobblestone":126,"minecraft:cooked_porkchop":4,"minecraft:bucket":53,"minecraft:yellow_bed":1,"minecraft:oak_boat":10,"minecraft:stripped_oak_log":6,"minecraft:bone_meal":15},"minecraft:dropped":{"minecraft:water_bucket":1,"minecraft:iron_ingot":18,"minecraft:iron_sword":1,"minecraft:wheat_seeds":20,"minecraft:oak_log":4,"minecraft:baked_potato":2,"minecraft:mossy_cobblestone":2,"minecraft:diamond":1,"minecraft:minecart":5,"minecraft:dripstone_block":2,"minecraft:cooked_porkchop":2,"minecraft:iron_helmet":1,"minecraft:cobblestone":144,"minecraft:lead":1,"minecraft:apple":1,"minecraft:granite":10,"minecraft:rail":35,"minecraft:cobblestone_stairs":3,"minecraft:stick":21,"minecraft:oxeye_daisy":7,"minecraft:dirt":226,"minecraft:diorite":22,"minecraft:mutton":5,"minecraft:snowball":17,"minecraft:iron_leggings":1,"minecraft:iron_pickaxe":3,"minecraft:pink_petals":23,"minecraft:bucket":2,"minecraft:spruce_sapling":5,"minecraft:dandelion":3,"minecraft:gravel":15,"minecraft:stone_axe":3,"minecraft:cooked_chicken":2,"minecraft:cobblestone_wall":2,"minecraft:stone_sword":2,"minecraft:cobbled_deepslate":6,"minecraft:stone_shovel":3,"minecraft:rotten_flesh":29,"minecraft:iron_boots":1,"minecraft:diamond_shovel":1,"minecraft:white_bed":1,"minecraft:poppy":3,"minecraft:potato":2,"minecraft:spruce_boat":4,"minecraft:allium":14,"minecraft:spruce_planks":5,"minecraft:oak_sapling":3,"minecraft:andesite":29,"minecraft:oak_boat":1,"minecraft:spider_eye":1,"minecraft:barrel":1,"minecraft:spruce_slab":4,"minecraft:stone_pickaxe":1,"minecraft:wooden_pickaxe":2},"minecraft:crafted":{"minecraft:cherry_planks":44,"minecraft:oak_planks":84,"minecraft:stone_shovel":2,"minecraft:diamond_hoe":1,"minecraft:cooked_chicken":2,"minecraft:furnace":8,"minecraft:cobblestone_stairs":220,"minecraft:bone_meal":15,"minecraft:diamond_shovel":2,"minecraft:glass":528,"minecraft:diamond_helmet":1,"minecraft:diamond_leggings":1,"minecraft:iron_boots":1,"minecraft:iron_axe":1,"minecraft:iron_hoe":1,"minecraft:stone_pickaxe":1,"minecraft:chest":3,"minecraft:diamond_boots":1,"minecraft:spruce_boat":5,"minecraft:smoker":1,"minecraft:cooked_beef":7,"minecraft:coal_block":8,"minecraft:diamond_sword":1,"minecraft:cooked_porkchop":6,"minecraft:diamond_axe":1,"minecraft:crafting_table":2,"minecraft:spruce_planks":104,"minecraft:iron_helmet":1,"minecraft:wooden_pickaxe":1,"minecraft:baked_potato":37,"minecraft:iron_sword":1,"minecraft:bucket":7,"minecraft:stone_axe":2,"minecraft:air":0,"minecraft:oak_boat":2,"minecraft:iron_chestplate":1,"minecraft:diamond_pickaxe":1,"minecraft:shield":1,"minecraft:stick":128,"minecraft:iron_ingot":87,"minecraft:iron_pickaxe":2,"minecraft:iron_leggings":1,"minecraft:iron_shovel":8,"minecraft:gold_ingot":22,"minecraft:redstone_torch":8,"minecraft:torch":260,"minecraft:diamond_chestplate":1},"minecraft:broken":{"minecraft:iron_shovel":8,"minecraft:stone_pickaxe":1,"minecraft:iron_axe":1},"minecraft:custom":{"minecraft:mob_kills":66,"minecraft:interact_with_crafting_table":70,"minecraft:open_barrel":51,"minecraft:bell_ring":12,"minecraft:leave_game":18,"minecraft:time_since_death":284418,"minecraft:climb_one_cm":2593,"minecraft:sprint_one_cm":1145306,"minecraft:walk_one_cm":1456832,"minecraft:damage_blocked_by_shield":43,"minecraft:drop":171,"minecraft:talked_to_villager":3,"minecraft:play_time":549954,"minecraft:sneak_time":37882,"minecraft:deaths":6,"minecraft:walk_under_water_one_cm":10066,"minecraft:boat_one_cm":501082,"minecraft:jump":7447,"minecraft:walk_on_water_one_cm":28866,"minecraft:total_world_time":549954,"minecraft:interact_with_furnace":121,"minecraft:sleep_in_bed":8,"minecraft:time_since_rest":40,"minecraft:damage_taken":4486,"minecraft:damage_dealt":12485,"minecraft:minecart_one_cm":128,"minecraft:player_kills":1,"minecraft:swim_one_cm":26977,"minecraft:fly_one_cm":1610833,"minecraft:crouch_one_cm":177160,"minecraft:open_chest":157,"minecraft:interact_with_smoker":45,"minecraft:fall_one_cm":137370},"minecraft:picked_up":{"minecraft:iron_chestplate":3,"minecraft:crafting_table":13,"minecraft:wheat":184,"minecraft:allium":27,"minecraft:chicken":2,"minecraft:lead":2,"minecraft:wooden_pickaxe":1,"minecraft:brewing_stand":1,"minecraft:shield":3,"minecraft:string":5,"minecraft:raw_copper":16,"minecraft:iron_axe":3,"minecraft:iron_leggings":3,"minecraft:iron_shovel":2,"minecraft:cobbled_deepslate":145,"minecraft:bucket":9,"minecraft:spruce_planks":17,"minecraft:beef":17,"minecraft:oak_boat":11,"minecraft:iron_pickaxe":3,"minecraft:poppy":14,"minecraft:spruce_slab":4,"minecraft:minecart":14,"minecraft:sugar_cane":78,"minecraft:iron_boots":3,"minecraft:furnace":7,"minecraft:raw_iron":137,"minecraft:stick":61,"minecraft:composter":29,"minecraft:oak_fence":2,"minecraft:torch":39,"minecraft:porkchop":6,"minecraft:cherry_log":45,"minecraft:diorite":39,"minecraft:carrot":584,"minecraft:redstone":112,"minecraft:stone_sword":2,"minecraft:arrow":32,"minecraft:stone_shovel":4,"minecraft:rotten_flesh":40,"minecraft:snowball":17,"minecraft:rail":15,"minecraft:cobblestone":985,"minecraft:oxeye_daisy":18,"minecraft:stripped_oak_log":6,"minecraft:pink_petals":23,"minecraft:feather":7,"minecraft:water_bucket":1,"minecraft:andesite":29,"minecraft:leather":14,"minecraft:smoker":9,"minecraft:potato":1728,"minecraft:flint":2,"minecraft:oak_log":42,"minecraft:yellow_bed":8,"minecraft:cobblestone_wall":2,"minecraft:gunpowder":10,"minecraft:cobblestone_stairs":77,"minecraft:lapis_lazuli":78,"minecraft:dirt":4366,"minecraft:lantern":2,"minecraft:white_banner":2,"minecraft:bone":22,"minecraft:apple":1,"minecraft:wheat_seeds":390,"minecraft:raw_gold":62,"minecraft:bell":2,"minecraft:iron_ingot":47,"minecraft:stone_pickaxe":4,"minecraft:cooked_chicken":3,"minecraft:powered_rail":2,"minecraft:oak_planks":13,"minecraft:iron_sword":3,"minecraft:cooked_porkchop":4,"minecraft:sweet_berries":82,"minecraft:dandelion":7,"minecraft:poisonous_potato":2,"minecraft:dripstone_block":4,"minecraft:gravel":36,"minecraft:sand":651,"minecraft:amethyst_shard":4,"minecraft:spruce_sapling":6,"minecraft:ink_sac":3,"minecraft:white_bed":13,"minecraft:spruce_log":56,"minecraft:spider_eye":1,"minecraft:spruce_door":2,"minecraft:barrel":1,"minecraft:mossy_cobblestone":2,"minecraft:iron_hoe":1,"minecraft:diamond_shovel":2,"minecraft:stone_axe":4,"minecraft:diamond":54,"minecraft:spruce_boat":29,"minecraft:iron_helmet":3,"minecraft:granite":14,"minecraft:cherry_sapling":14,"minecraft:emerald":1,"minecraft:bread":1,"minecraft:oak_sapling":3,"minecraft:baked_potato":28,"minecraft:coal":339,"minecraft:diamond_pickaxe":2},"minecraft:mined":{"minecraft:diamond_ore":3,"minecraft:spruce_planks":5,"minecraft:white_bed":11,"minecraft:farmland":13,"minecraft:mossy_cobblestone":2,"minecraft:deepslate_diamond_ore":48,"minecraft:oak_door":1,"minecraft:cobblestone_stairs":80,"minecraft:cherry_log":42,"minecraft:brewing_stand":1,"minecraft:granite":15,"minecraft:allium":3,"minecraft:grass_block":1949,"minecraft:spruce_leaves":16,"minecraft:composter":29,"minecraft:oxeye_daisy":8,"minecraft:carrots":176,"minecraft:furnace":5,"minecraft:iron_ore":104,"minecraft:cobbled_deepslate":7,"minecraft:snow":1,"minecraft:andesite":28,"minecraft:deepslate_lapis_ore":5,"minecraft:bell":2,"minecraft:potatoes":581,"minecraft:dirt_path":11,"minecraft:deepslate_iron_ore":27,"minecraft:rail":14,"minecraft:stripped_oak_log":6,"minecraft:stone":558,"minecraft:deepslate_redstone_ore":17,"minecraft:smoker":7,"minecraft:dandelion":1,"minecraft:powder_snow":12,"minecraft:oak_fence":2,"minecraft:crafting_table":11,"minecraft:torch":8,"minecraft:emerald_ore":1,"minecraft:poppy":5,"minecraft:copper_ore":6,"minecraft:tall_grass":60,"minecraft:cobblestone":29,"minecraft:deepslate_gold_ore":36,"minecraft:oak_planks":13,"minecraft:sugar_cane":31,"minecraft:diorite":20,"minecraft:wall_torch":1,"minecraft:pink_petals":4,"minecraft:seagrass":2,"minecraft:powered_rail":2,"minecraft:cobblestone_wall":2,"minecraft:sweet_berry_bush":12,"minecraft:wheat":136,"minecraft:spruce_log":48,"minecraft:yellow_bed":8,"minecraft:grass":231,"minecraft:coal_ore":53,"minecraft:oak_log":34,"minecraft:gravel":32,"minecraft:dirt":1016,"minecraft:cherry_leaves":36,"minecraft:sand":553,"minecraft:dripstone_block":2,"minecraft:gold_ore":4,"minecraft:deepslate":128,"minecraft:oak_leaves":26,"minecraft:fern":1},"minecraft:killed":{"minecraft:spider":2,"minecraft:skeleton":11,"minecraft:chicken":2,"minecraft:pig":3,"minecraft:creeper":7,"minecraft:pillager":3,"minecraft:zombie":24,"minecraft:enderman":1,"minecraft:cow":10},"minecraft:killed_by":{"minecraft:enderman":1,"minecraft:skeleton":1}},"DataVersion":3465}