{"stats":{"minecraft:used":{"minecraft:iron_shovel":2119,"minecraft:diamond_hoe":522,"minecraft:chest":3,"minecraft:shield":3,"minecraft:iron_sword":168,"minecraft:farmland":12,"minecraft:carrot":203,"minecraft:spruce_boat":29,"minecraft:glass":701,"minecraft:lantern":2,"minecraft:grass_block":189,"minecraft:sweet_berries":25,"minecraft:furnace":12,"minecraft:potato":773,"minecraft:spruce_door":2,"minecraft:powered_rail":5,"minecraft:stone_pickaxe":131,"minecraft:oak_planks":23,"minecraft:wooden_pickaxe":6,"minecraft:composter":35,"minecraft:diamond_axe":84,"minecraft:sugar_cane":1,"minecraft:sand":27,"minecraft:dripstone_block":2,"minecraft:redstone_torch":3,"minecraft:bread":42,"minecraft:cherry_sign":2,"minecraft:oak_boat":10,"minecraft:bone_meal":15,"minecraft:oak_fence":2,"minecraft:stone_shovel":23,"minecraft:spruce_planks":6,"minecraft:cooked_chicken":2,"minecraft:torch":271,"minecraft:dirt":6423,"minecraft:granite":1,"minecraft:iron_hoe":180,"minecraft:iron_axe":226,"minecraft:cherry_trapdoor":40,"minecraft:minecart":9,"minecraft:cooked_beef":7,"minecraft:cobbled_deepslate":25,"minecraft:cherry_log":4,"minecraft:wheat_seeds":163,"minecraft:water_bucket":69,"minecraft:cobblestone_stairs":80,"minecraft:baked_potato":53,"minecraft:cobblestone_slab":44,"minecraft:rail":89,"minecraft:crafting_table":12,"minecraft:white_bed":14,"minecraft:smoker":8,"minecraft:spruce_log":2,"minecraft:oak_log":1,"minecraft:diamond_pickaxe":1301,"minecraft:diamond_shovel":1814,"minecraft:pig_spawn_egg":1,"minecraft:iron_pickaxe":341,"minecraft:spruce_sapling":1,"minecraft:stone_axe":2,"minecraft:cobblestone":141,"minecraft:cooked_porkchop":4,"minecraft:bucket":58,"minecraft:yellow_bed":8,"minecraft:stripped_oak_log":6},"minecraft:dropped":{"minecraft:iron_sword":1,"minecraft:oak_log":4,"minecraft:baked_potato":2,"minecraft:diamond":1,"minecraft:cooked_porkchop":2,"minecraft:rail":35,"minecraft:cobblestone_stairs":3,"minecraft:dirt":231,"minecraft:mutton":5,"minecraft:snowball":17,"minecraft:sand":1,"minecraft:iron_pickaxe":3,"minecraft:gravel":15,"minecraft:stone_axe":3,"minecraft:cooked_chicken":2,"minecraft:cobbled_deepslate":6,"minecraft:cherry_sapling":2,"minecraft:rotten_flesh":29,"minecraft:diamond_shovel":1,"minecraft:white_bed":1,"minecraft:poppy":3,"minecraft:spruce_slab":4,"minecraft:iron_ingot":18,"minecraft:water_bucket":1,"minecraft:wheat_seeds":20,"minecraft:cherry_log":1,"minecraft:mossy_cobblestone":2,"minecraft:minecart":5,"minecraft:dripstone_block":2,"minecraft:iron_helmet":1,"minecraft:cobblestone":144,"minecraft:lead":1,"minecraft:apple":1,"minecraft:granite":10,"minecraft:grass_block":1,"minecraft:stick":21,"minecraft:oxeye_daisy":7,"minecraft:diorite":22,"minecraft:cherry_planks":4,"minecraft:iron_leggings":1,"minecraft:pink_petals":23,"minecraft:bucket":2,"minecraft:spruce_sapling":5,"minecraft:dandelion":3,"minecraft:farmland":1,"minecraft:stone_sword":2,"minecraft:cobblestone_wall":2,"minecraft:stone_shovel":3,"minecraft:iron_boots":1,"minecraft:potato":2,"minecraft:spruce_boat":4,"minecraft:allium":14,"minecraft:spruce_planks":5,"minecraft:andesite":29,"minecraft:oak_boat":1,"minecraft:oak_sapling":3,"minecraft:barrel":1,"minecraft:spider_eye":1,"minecraft:stone_pickaxe":1,"minecraft:wooden_pickaxe":2},"minecraft:crafted":{"minecraft:oak_planks":84,"minecraft:cherry_slab":96,"minecraft:cooked_chicken":2,"minecraft:cobblestone_stairs":220,"minecraft:diamond_shovel":2,"minecraft:glass":752,"minecraft:iron_boots":1,"minecraft:diamond_helmet":1,"minecraft:diamond_leggings":1,"minecraft:chest":3,"minecraft:smoker":1,"minecraft:cooked_porkchop":6,"minecraft:diamond_axe":1,"minecraft:crafting_table":2,"minecraft:spruce_planks":104,"minecraft:baked_potato":62,"minecraft:wooden_pickaxe":1,"minecraft:iron_helmet":1,"minecraft:iron_chestplate":1,"minecraft:cherry_sign":3,"minecraft:diamond_pickaxe":2,"minecraft:shield":1,"minecraft:stick":136,"minecraft:iron_ingot":104,"minecraft:iron_pickaxe":2,"minecraft:gold_ingot":22,"minecraft:redstone_torch":8,"minecraft:composter":8,"minecraft:cherry_planks":292,"minecraft:stone_shovel":2,"minecraft:diamond_hoe":1,"minecraft:furnace":8,"minecraft:bone_meal":15,"minecraft:cherry_trapdoor":38,"minecraft:iron_axe":1,"minecraft:iron_hoe":1,"minecraft:stone_pickaxe":1,"minecraft:diamond_boots":1,"minecraft:spruce_boat":5,"minecraft:cooked_beef":7,"minecraft:coal_block":11,"minecraft:diamond_sword":1,"minecraft:iron_sword":1,"minecraft:bucket":7,"minecraft:stone_axe":2,"minecraft:air":0,"minecraft:oak_boat":2,"minecraft:iron_shovel":8,"minecraft:iron_leggings":1,"minecraft:torch":260,"minecraft:diamond_chestplate":1},"minecraft:broken":{"minecraft:iron_shovel":8,"minecraft:stone_pickaxe":1,"minecraft:iron_axe":1},"minecraft:custom":{"minecraft:interact_with_crafting_table":78,"minecraft:open_barrel":54,"minecraft:bell_ring":12,"minecraft:leave_game":18,"minecraft:time_since_death":374418,"minecraft:sprint_one_cm":1334801,"minecraft:damage_blocked_by_shield":43,"minecraft:drop":179,"minecraft:talked_to_villager":3,"minecraft:play_time":639954,"minecraft:deaths":6,"minecraft:jump":8639,"minecraft:walk_on_water_one_cm":43868,"minecraft:interact_with_furnace":153,"minecraft:sleep_in_bed":8,"minecraft:damage_dealt":12497,"minecraft:player_kills":1,"minecraft:crouch_one_cm":208609,"minecraft:interact_with_smoker":49,"minecraft:mob_kills":66,"minecraft:climb_one_cm":3713,"minecraft:walk_one_cm":1823355,"minecraft:sneak_time":44038,"minecraft:walk_under_water_one_cm":11176,"minecraft:boat_one_cm":501082,"minecraft:total_world_time":639954,"minecraft:interact_with_stonecutter":1,"minecraft:time_since_rest":90040,"minecraft:damage_taken":4830,"minecraft:minecart_one_cm":128,"minecraft:swim_one_cm":29113,"minecraft:fly_one_cm":1924553,"minecraft:open_chest":190,"minecraft:fall_one_cm":156447},"minecraft:picked_up":{"minecraft:iron_chestplate":3,"minecraft:wheat":184,"minecraft:lead":2,"minecraft:brewing_stand":1,"minecraft:string":5,"minecraft:raw_copper":37,"minecraft:iron_leggings":3,"minecraft:cobbled_deepslate":145,"minecraft:bucket":9,"minecraft:spruce_planks":17,"minecraft:cobblestone_slab":3,"minecraft:iron_pickaxe":3,"minecraft:furnace":7,"minecraft:iron_boots":3,"minecraft:stick":61,"minecraft:composter":29,"minecraft:oak_fence":2,"minecraft:torch":53,"minecraft:porkchop":6,"minecraft:cherry_log":78,"minecraft:diorite":39,"minecraft:stone_sword":2,"minecraft:rotten_flesh":40,"minecraft:snowball":17,"minecraft:cobblestone":1527,"minecraft:pink_petals":23,"minecraft:feather":7,"minecraft:water_bucket":1,"minecraft:andesite":29,"minecraft:smoker":9,"minecraft:potato":2188,"minecraft:flint":2,"minecraft:dirt":4477,"minecraft:lapis_lazuli":78,"minecraft:lantern":2,"minecraft:bone":22,"minecraft:wheat_seeds":390,"minecraft:raw_gold":62,"minecraft:bell":2,"minecraft:powered_rail":2,"minecraft:oak_planks":13,"minecraft:cooked_porkchop":4,"minecraft:poisonous_potato":4,"minecraft:sand":844,"minecraft:ink_sac":3,"minecraft:barrel":1,"minecraft:mossy_cobblestone":2,"minecraft:iron_hoe":1,"minecraft:diamond":54,"minecraft:spruce_boat":29,"minecraft:granite":14,"minecraft:bread":1,"minecraft:emerald":1,"minecraft:oak_sapling":3,"minecraft:diamond_pickaxe":2,"minecraft:crafting_table":13,"minecraft:allium":27,"minecraft:chicken":2,"minecraft:wooden_pickaxe":1,"minecraft:shield":3,"minecraft:iron_axe":3,"minecraft:iron_shovel":2,"minecraft:beef":17,"minecraft:oak_boat":11,"minecraft:poppy":14,"minecraft:spruce_slab":4,"minecraft:minecart":14,"minecraft:sugar_cane":78,"minecraft:cherry_trapdoor":3,"minecraft:raw_iron":137,"minecraft:carrot":584,"minecraft:redstone":112,"minecraft:arrow":32,"minecraft:stone_shovel":4,"minecraft:rail":15,"minecraft:oxeye_daisy":18,"minecraft:stripped_oak_log":6,"minecraft:leather":14,"minecraft:oak_log":42,"minecraft:gunpowder":10,"minecraft:yellow_bed":8,"minecraft:cobblestone_wall":2,"minecraft:cobblestone_stairs":77,"minecraft:white_banner":2,"minecraft:apple":1,"minecraft:stone_pickaxe":4,"minecraft:iron_ingot":47,"minecraft:cooked_chicken":3,"minecraft:iron_sword":3,"minecraft:sweet_berries":82,"minecraft:dandelion":7,"minecraft:dripstone_block":4,"minecraft:gravel":36,"minecraft:amethyst_shard":4,"minecraft:spruce_sapling":6,"minecraft:white_bed":13,"minecraft:spruce_log":56,"minecraft:spruce_door":2,"minecraft:spider_eye":1,"minecraft:diamond_shovel":2,"minecraft:stone_axe":4,"minecraft:iron_helmet":3,"minecraft:cherry_sapling":16,"minecraft:baked_potato":28,"minecraft:coal":349},"minecraft:mined":{"minecraft:spruce_planks":5,"minecraft:white_bed":11,"minecraft:farmland":15,"minecraft:cherry_log":75,"minecraft:cobblestone_stairs":80,"minecraft:brewing_stand":1,"minecraft:cherry_trapdoor":4,"minecraft:granite":15,"minecraft:grass_block":2009,"minecraft:composter":29,"minecraft:oxeye_daisy":8,"minecraft:iron_ore":104,"minecraft:cobbled_deepslate":7,"minecraft:deepslate_lapis_ore":5,"minecraft:dirt_path":11,"minecraft:deepslate_redstone_ore":17,"minecraft:smoker":7,"minecraft:powder_snow":12,"minecraft:torch":21,"minecraft:poppy":5,"minecraft:glass":29,"minecraft:cobblestone":36,"minecraft:sugar_cane":31,"minecraft:oak_planks":13,"minecraft:wall_torch":1,"minecraft:pink_petals":4,"minecraft:seagrass":2,"minecraft:powered_rail":2,"minecraft:wheat":136,"minecraft:grass":234,"minecraft:oak_log":34,"minecraft:sand":747,"minecraft:dirt":1083,"minecraft:oak_leaves":26,"minecraft:deepslate":128,"minecraft:diamond_ore":3,"minecraft:mossy_cobblestone":2,"minecraft:deepslate_diamond_ore":48,"minecraft:oak_door":1,"minecraft:allium":3,"minecraft:spruce_leaves":16,"minecraft:furnace":5,"minecraft:carrots":176,"minecraft:snow":1,"minecraft:andesite":28,"minecraft:bell":2,"minecraft:potatoes":709,"minecraft:deepslate_iron_ore":27,"minecraft:cobblestone_slab":3,"minecraft:rail":14,"minecraft:stripped_oak_log":6,"minecraft:stone":1102,"minecraft:dandelion":1,"minecraft:oak_fence":2,"minecraft:crafting_table":11,"minecraft:emerald_ore":1,"minecraft:tall_grass":61,"minecraft:copper_ore":12,"minecraft:deepslate_gold_ore":36,"minecraft:diorite":20,"minecraft:cobblestone_wall":2,"minecraft:sweet_berry_bush":12,"minecraft:spruce_log":48,"minecraft:yellow_bed":8,"minecraft:coal_ore":63,"minecraft:cherry_leaves":42,"minecraft:gravel":32,"minecraft:dripstone_block":2,"minecraft:gold_ore":4,"minecraft:fern":1},"minecraft:killed":{"minecraft:spider":2,"minecraft:skeleton":11,"minecraft:chicken":2,"minecraft:pig":3,"minecraft:creeper":7,"minecraft:pillager":3,"minecraft:zombie":24,"minecraft:cow":10,"minecraft:enderman":1},"minecraft:killed_by":{"minecraft:enderman":1,"minecraft:skeleton":1}},"DataVersion":3465}