{"stats":{"minecraft:picked_up":{"minecraft:raw_iron":44,"minecraft:stick":24,"minecraft:crafting_table":3,"minecraft:sweet_berries":82,"minecraft:sand":68,"minecraft:spruce_sapling":1,"minecraft:diorite":3,"minecraft:spruce_log":7,"minecraft:dirt":18,"minecraft:rotten_flesh":2,"minecraft:stone_shovel":3,"minecraft:stone_axe":3,"minecraft:spruce_planks":3,"minecraft:granite":10,"minecraft:stone_pickaxe":3,"minecraft:coal":156,"minecraft:cobblestone":104,"minecraft:furnace":1},"minecraft:broken":{"minecraft:stone_pickaxe":1},"minecraft:dropped":{"minecraft:dirt":1,"minecraft:stone_axe":1,"minecraft:diorite":3,"minecraft:stone_shovel":1,"minecraft:wooden_pickaxe":1,"minecraft:spruce_sapling":1},"minecraft:killed":{"minecraft:zombie":1},"minecraft:used":{"minecraft:iron_shovel":14,"minecraft:iron_axe":6,"minecraft:stone_shovel":20,"minecraft:stone_pickaxe":131,"minecraft:iron_pickaxe":46,"minecraft:wooden_pickaxe":6,"minecraft:stone_axe":2,"minecraft:sand":20,"minecraft:dirt":13,"minecraft:cobblestone":53,"minecraft:sweet_berries":16,"minecraft:crafting_table":4,"minecraft:furnace":1,"minecraft:granite":1},"minecraft:mined":{"minecraft:furnace":1,"minecraft:iron_ore":42,"minecraft:sweet_berry_bush":10,"minecraft:spruce_log":8,"minecraft:powder_snow":8,"minecraft:crafting_table":4,"minecraft:granite":10,"minecraft:grass_block":2,"minecraft:coal_ore":40,"minecraft:sand":20,"minecraft:dirt":11,"minecraft:spruce_leaves":9,"minecraft:stone":86,"minecraft:diorite":3,"minecraft:fern":1},"minecraft:custom":{"minecraft:time_since_rest":13824,"minecraft:interact_with_furnace":22,"minecraft:sprint_one_cm":32618,"minecraft:damage_taken":406,"minecraft:walk_one_cm":52524,"minecraft:mob_kills":1,"minecraft:drop":6,"minecraft:damage_dealt":201,"minecraft:swim_one_cm":7451,"minecraft:interact_with_crafting_table":17,"minecraft:fly_one_cm":42525,"minecraft:crouch_one_cm":5634,"minecraft:play_time":37662,"minecraft:deaths":3,"minecraft:sneak_time":1643,"minecraft:walk_under_water_one_cm":969,"minecraft:jump":325,"minecraft:walk_on_water_one_cm":1153,"minecraft:leave_game":2,"minecraft:time_since_death":13795,"minecraft:total_world_time":37662,"minecraft:fall_one_cm":5562},"minecraft:crafted":{"minecraft:stone_shovel":1,"minecraft:iron_chestplate":1,"minecraft:iron_axe":1,"minecraft:crafting_table":2,"minecraft:spruce_planks":28,"minecraft:stick":16,"minecraft:iron_pickaxe":1,"minecraft:iron_ingot":23,"minecraft:wooden_pickaxe":1,"minecraft:stone_pickaxe":1,"minecraft:iron_sword":1,"minecraft:iron_shovel":1,"minecraft:furnace":1,"minecraft:stone_axe":1,"minecraft:air":0}},"DataVersion":3465}