{"stats":{"minecraft:picked_up":{"minecraft:crafting_table":1,"minecraft:spruce_sapling":1,"minecraft:diorite":3,"minecraft:spruce_log":5,"minecraft:dirt":5,"minecraft:cobblestone":21},"minecraft:dropped":{"minecraft:dirt":1,"minecraft:wooden_pickaxe":1,"minecraft:diorite":3,"minecraft:spruce_sapling":1},"minecraft:used":{"minecraft:stone_axe":1,"minecraft:crafting_table":2,"minecraft:stone_pickaxe":18,"minecraft:wooden_pickaxe":6},"minecraft:mined":{"minecraft:grass_block":2,"minecraft:dirt":2,"minecraft:spruce_leaves":9,"minecraft:spruce_log":6,"minecraft:stone":21,"minecraft:diorite":3,"minecraft:crafting_table":2},"minecraft:custom":{"minecraft:time_since_rest":13662,"minecraft:play_time":13662,"minecraft:sprint_one_cm":9154,"minecraft:damage_taken":10,"minecraft:walk_one_cm":12386,"minecraft:drop":4,"minecraft:jump":38,"minecraft:leave_game":2,"minecraft:time_since_death":13662,"minecraft:walk_on_water_one_cm":199,"minecraft:total_world_time":13662,"minecraft:interact_with_crafting_table":3,"minecraft:fly_one_cm":5348,"minecraft:fall_one_cm":420},"minecraft:crafted":{"minecraft:stone_axe":1,"minecraft:crafting_table":2,"minecraft:spruce_planks":20,"minecraft:stick":16,"minecraft:wooden_pickaxe":1,"minecraft:stone_pickaxe":1}},"DataVersion":3465}