{"stats":{"minecraft:picked_up":{"minecraft:raw_iron":12,"minecraft:stick":24,"minecraft:crafting_table":2,"minecraft:sweet_berries":82,"minecraft:sand":68,"minecraft:spruce_sapling":1,"minecraft:diorite":3,"minecraft:spruce_log":5,"minecraft:dirt":9,"minecraft:stone_shovel":3,"minecraft:stone_axe":3,"minecraft:spruce_planks":3,"minecraft:stone_pickaxe":3,"minecraft:coal":108,"minecraft:cobblestone":72},"minecraft:dropped":{"minecraft:dirt":1,"minecraft:diorite":3,"minecraft:wooden_pickaxe":1,"minecraft:spruce_sapling":1},"minecraft:used":{"minecraft:stone_shovel":20,"minecraft:stone_pickaxe":91,"minecraft:wooden_pickaxe":6,"minecraft:stone_axe":2,"minecraft:sand":20,"minecraft:dirt":4,"minecraft:cobblestone":31,"minecraft:sweet_berries":6,"minecraft:crafting_table":3},"minecraft:mined":{"minecraft:iron_ore":13,"minecraft:sweet_berry_bush":10,"minecraft:spruce_log":6,"minecraft:crafting_table":3,"minecraft:grass_block":2,"minecraft:coal_ore":27,"minecraft:sand":20,"minecraft:dirt":2,"minecraft:spruce_leaves":9,"minecraft:stone":54,"minecraft:diorite":3,"minecraft:fern":1},"minecraft:custom":{"minecraft:time_since_rest":1824,"minecraft:sprint_one_cm":27759,"minecraft:damage_taken":250,"minecraft:walk_one_cm":30932,"minecraft:drop":4,"minecraft:swim_one_cm":7451,"minecraft:interact_with_crafting_table":4,"minecraft:fly_one_cm":33926,"minecraft:crouch_one_cm":880,"minecraft:play_time":25662,"minecraft:deaths":3,"minecraft:sneak_time":434,"minecraft:walk_under_water_one_cm":969,"minecraft:jump":240,"minecraft:walk_on_water_one_cm":1153,"minecraft:leave_game":2,"minecraft:time_since_death":1795,"minecraft:total_world_time":25662,"minecraft:fall_one_cm":4935},"minecraft:crafted":{"minecraft:stone_shovel":1,"minecraft:crafting_table":2,"minecraft:spruce_planks":20,"minecraft:stick":16,"minecraft:wooden_pickaxe":1,"minecraft:stone_pickaxe":1,"minecraft:stone_axe":1}},"DataVersion":3465}