{"stats":{"minecraft:used":{"minecraft:oak_fence":2,"minecraft:iron_shovel":2119,"minecraft:stone_shovel":20,"minecraft:spruce_planks":6,"minecraft:chest":2,"minecraft:shield":3,"minecraft:iron_sword":162,"minecraft:cooked_chicken":2,"minecraft:torch":196,"minecraft:dirt":6095,"minecraft:carrot":130,"minecraft:granite":1,"minecraft:spruce_boat":13,"minecraft:iron_hoe":175,"minecraft:lantern":2,"minecraft:iron_axe":201,"minecraft:sweet_berries":25,"minecraft:furnace":12,"minecraft:cooked_beef":7,"minecraft:potato":383,"minecraft:cobbled_deepslate":5,"minecraft:cherry_log":4,"minecraft:wheat_seeds":124,"minecraft:water_bucket":37,"minecraft:cobblestone_stairs":80,"minecraft:spruce_door":2,"minecraft:baked_potato":32,"minecraft:stone_pickaxe":131,"minecraft:wooden_pickaxe":6,"minecraft:composter":27,"minecraft:sand":27,"minecraft:rail":83,"minecraft:crafting_table":10,"minecraft:white_bed":8,"minecraft:spruce_log":2,"minecraft:smoker":4,"minecraft:diamond_pickaxe":324,"minecraft:diamond_shovel":1447,"minecraft:iron_pickaxe":341,"minecraft:bread":26,"minecraft:pig_spawn_egg":1,"minecraft:spruce_sapling":1,"minecraft:stone_axe":2,"minecraft:cobblestone":116,"minecraft:cooked_porkchop":4,"minecraft:bucket":38,"minecraft:stripped_oak_log":6,"minecraft:bone_meal":15},"minecraft:dropped":{"minecraft:iron_ingot":18,"minecraft:wheat_seeds":17,"minecraft:baked_potato":2,"minecraft:mossy_cobblestone":2,"minecraft:diamond":1,"minecraft:cooked_porkchop":2,"minecraft:cobblestone":142,"minecraft:granite":9,"minecraft:rail":33,"minecraft:stick":21,"minecraft:oxeye_daisy":7,"minecraft:dirt":224,"minecraft:diorite":20,"minecraft:mutton":5,"minecraft:snowball":17,"minecraft:iron_pickaxe":3,"minecraft:pink_petals":20,"minecraft:bucket":2,"minecraft:spruce_sapling":5,"minecraft:dandelion":3,"minecraft:gravel":7,"minecraft:stone_axe":2,"minecraft:cobblestone_wall":2,"minecraft:cooked_chicken":2,"minecraft:stone_sword":2,"minecraft:cobbled_deepslate":6,"minecraft:stone_shovel":2,"minecraft:rotten_flesh":27,"minecraft:diamond_shovel":1,"minecraft:white_bed":1,"minecraft:poppy":3,"minecraft:spruce_planks":2,"minecraft:allium":14,"minecraft:barrel":1,"minecraft:spider_eye":1,"minecraft:spruce_slab":4,"minecraft:wooden_pickaxe":2,"minecraft:stone_pickaxe":1},"minecraft:crafted":{"minecraft:oak_planks":60,"minecraft:stone_shovel":1,"minecraft:cooked_chicken":2,"minecraft:furnace":8,"minecraft:cobblestone_stairs":220,"minecraft:bone_meal":15,"minecraft:diamond_shovel":1,"minecraft:glass":512,"minecraft:iron_boots":1,"minecraft:iron_axe":1,"minecraft:iron_hoe":1,"minecraft:stone_pickaxe":1,"minecraft:chest":2,"minecraft:spruce_boat":5,"minecraft:coal_block":8,"minecraft:smoker":1,"minecraft:cooked_beef":7,"minecraft:cooked_porkchop":6,"minecraft:crafting_table":2,"minecraft:spruce_planks":104,"minecraft:iron_helmet":1,"minecraft:baked_potato":18,"minecraft:wooden_pickaxe":1,"minecraft:iron_sword":1,"minecraft:bucket":3,"minecraft:stone_axe":1,"minecraft:air":0,"minecraft:iron_chestplate":1,"minecraft:diamond_pickaxe":1,"minecraft:shield":1,"minecraft:stick":104,"minecraft:iron_ingot":65,"minecraft:iron_pickaxe":2,"minecraft:gold_ingot":22,"minecraft:iron_shovel":8,"minecraft:iron_leggings":1,"minecraft:torch":260},"minecraft:broken":{"minecraft:iron_shovel":8,"minecraft:stone_pickaxe":1},"minecraft:custom":{"minecraft:mob_kills":64,"minecraft:interact_with_crafting_table":55,"minecraft:open_barrel":51,"minecraft:bell_ring":12,"minecraft:leave_game":7,"minecraft:time_since_death":160989,"minecraft:climb_one_cm":2593,"minecraft:sprint_one_cm":812165,"minecraft:walk_one_cm":1111679,"minecraft:damage_blocked_by_shield":43,"minecraft:drop":125,"minecraft:talked_to_villager":2,"minecraft:play_time":426525,"minecraft:sneak_time":33242,"minecraft:deaths":6,"minecraft:walk_under_water_one_cm":9535,"minecraft:boat_one_cm":208103,"minecraft:jump":5633,"minecraft:walk_on_water_one_cm":24100,"minecraft:total_world_time":426525,"minecraft:interact_with_furnace":103,"minecraft:sleep_in_bed":6,"minecraft:time_since_rest":62621,"minecraft:damage_taken":3618,"minecraft:damage_dealt":11930,"minecraft:player_kills":1,"minecraft:swim_one_cm":25502,"minecraft:fly_one_cm":1210479,"minecraft:open_chest":108,"minecraft:crouch_one_cm":164495,"minecraft:interact_with_smoker":43,"minecraft:fall_one_cm":106674},"minecraft:picked_up":{"minecraft:crafting_table":11,"minecraft:iron_chestplate":3,"minecraft:wheat":141,"minecraft:allium":27,"minecraft:chicken":2,"minecraft:wooden_pickaxe":1,"minecraft:brewing_stand":1,"minecraft:shield":3,"minecraft:string":5,"minecraft:raw_copper":16,"minecraft:iron_axe":3,"minecraft:iron_leggings":3,"minecraft:iron_shovel":2,"minecraft:cobbled_deepslate":11,"minecraft:bucket":9,"minecraft:spruce_planks":14,"minecraft:beef":17,"minecraft:poppy":14,"minecraft:iron_pickaxe":3,"minecraft:spruce_slab":4,"minecraft:sugar_cane":18,"minecraft:iron_boots":3,"minecraft:furnace":7,"minecraft:stick":54,"minecraft:raw_iron":98,"minecraft:composter":29,"minecraft:oak_fence":2,"minecraft:torch":33,"minecraft:porkchop":6,"minecraft:cherry_log":45,"minecraft:diorite":37,"minecraft:carrot":370,"minecraft:redstone":112,"minecraft:stone_sword":2,"minecraft:arrow":30,"minecraft:rotten_flesh":38,"minecraft:stone_shovel":4,"minecraft:rail":7,"minecraft:snowball":17,"minecraft:cobblestone":860,"minecraft:oxeye_daisy":18,"minecraft:stripped_oak_log":6,"minecraft:pink_petals":20,"minecraft:feather":7,"minecraft:leather":14,"minecraft:smoker":6,"minecraft:potato":912,"minecraft:flint":2,"minecraft:oak_log":31,"minecraft:yellow_bed":8,"minecraft:cobblestone_stairs":74,"minecraft:cobblestone_wall":2,"minecraft:gunpowder":10,"minecraft:lapis_lazuli":78,"minecraft:dirt":4309,"minecraft:lantern":2,"minecraft:white_banner":2,"minecraft:bone":20,"minecraft:wheat_seeds":291,"minecraft:raw_gold":44,"minecraft:bell":2,"minecraft:stone_pickaxe":4,"minecraft:iron_ingot":47,"minecraft:cooked_chicken":3,"minecraft:iron_sword":3,"minecraft:cooked_porkchop":4,"minecraft:sweet_berries":82,"minecraft:poisonous_potato":1,"minecraft:dandelion":7,"minecraft:gravel":28,"minecraft:sand":651,"minecraft:amethyst_shard":4,"minecraft:spruce_sapling":6,"minecraft:ink_sac":3,"minecraft:white_bed":11,"minecraft:spruce_log":49,"minecraft:barrel":1,"minecraft:spruce_door":2,"minecraft:spider_eye":1,"minecraft:mossy_cobblestone":2,"minecraft:iron_hoe":1,"minecraft:diamond_shovel":2,"minecraft:spruce_boat":9,"minecraft:diamond":5,"minecraft:stone_axe":4,"minecraft:iron_helmet":3,"minecraft:granite":13,"minecraft:cherry_sapling":14,"minecraft:bread":1,"minecraft:emerald":1,"minecraft:baked_potato":28,"minecraft:coal":339,"minecraft:diamond_pickaxe":2},"minecraft:mined":{"minecraft:spruce_planks":2,"minecraft:white_bed":9,"minecraft:farmland":6,"minecraft:mossy_cobblestone":2,"minecraft:deepslate_diamond_ore":4,"minecraft:oak_door":1,"minecraft:cobblestone_stairs":77,"minecraft:cherry_log":42,"minecraft:brewing_stand":1,"minecraft:granite":13,"minecraft:allium":3,"minecraft:grass_block":1904,"minecraft:spruce_leaves":14,"minecraft:composter":29,"minecraft:oxeye_daisy":8,"minecraft:furnace":5,"minecraft:carrots":120,"minecraft:iron_ore":66,"minecraft:snow":1,"minecraft:deepslate_lapis_ore":5,"minecraft:bell":2,"minecraft:rail":6,"minecraft:dirt_path":11,"minecraft:potatoes":325,"minecraft:deepslate_iron_ore":26,"minecraft:stripped_oak_log":6,"minecraft:stone":441,"minecraft:deepslate_redstone_ore":17,"minecraft:smoker":4,"minecraft:dandelion":1,"minecraft:powder_snow":12,"minecraft:oak_fence":2,"minecraft:crafting_table":9,"minecraft:torch":5,"minecraft:emerald_ore":1,"minecraft:poppy":5,"minecraft:tall_grass":57,"minecraft:copper_ore":6,"minecraft:cobblestone":18,"minecraft:deepslate_gold_ore":19,"minecraft:sugar_cane":8,"minecraft:diorite":18,"minecraft:wall_torch":1,"minecraft:pink_petals":3,"minecraft:cobblestone_wall":2,"minecraft:wheat":97,"minecraft:sweet_berry_bush":12,"minecraft:spruce_log":41,"minecraft:yellow_bed":8,"minecraft:grass":219,"minecraft:oak_log":12,"minecraft:coal_ore":53,"minecraft:cherry_leaves":36,"minecraft:gravel":24,"minecraft:sand":553,"minecraft:dirt":1008,"minecraft:gold_ore":3,"minecraft:oak_leaves":2,"minecraft:deepslate":8,"minecraft:fern":1},"minecraft:killed":{"minecraft:spider":2,"minecraft:skeleton":9,"minecraft:chicken":2,"minecraft:pig":3,"minecraft:creeper":7,"minecraft:pillager":3,"minecraft:zombie":24,"minecraft:enderman":1,"minecraft:cow":10},"minecraft:killed_by":{"minecraft:enderman":1,"minecraft:skeleton":1}},"DataVersion":3465}