{"stats":{"minecraft:picked_up":{"minecraft:iron_chestplate":1,"minecraft:crafting_table":4,"minecraft:feather":7,"minecraft:chicken":1,"minecraft:leather":4,"minecraft:oak_log":16,"minecraft:gunpowder":2,"minecraft:shield":1,"minecraft:lapis_lazuli":4,"minecraft:string":4,"minecraft:dirt":28,"minecraft:iron_axe":1,"minecraft:iron_leggings":1,"minecraft:iron_shovel":1,"minecraft:bone":4,"minecraft:wheat_seeds":1,"minecraft:cobbled_deepslate":5,"minecraft:raw_gold":16,"minecraft:bucket":3,"minecraft:spruce_planks":13,"minecraft:beef":2,"minecraft:stone_pickaxe":4,"minecraft:cooked_chicken":3,"minecraft:poppy":1,"minecraft:iron_pickaxe":1,"minecraft:iron_sword":1,"minecraft:iron_boots":1,"minecraft:furnace":2,"minecraft:stick":31,"minecraft:raw_iron":93,"minecraft:cooked_porkchop":4,"minecraft:sweet_berries":82,"minecraft:torch":4,"minecraft:gravel":7,"minecraft:sand":68,"minecraft:porkchop":6,"minecraft:spruce_sapling":1,"minecraft:diorite":20,"minecraft:spruce_log":31,"minecraft:redstone":65,"minecraft:spider_eye":1,"minecraft:stone_sword":1,"minecraft:arrow":3,"minecraft:rotten_flesh":12,"minecraft:stone_shovel":3,"minecraft:diamond":4,"minecraft:stone_axe":4,"minecraft:iron_helmet":1,"minecraft:granite":13,"minecraft:snowball":1,"minecraft:coal":213,"minecraft:cobblestone":462},"minecraft:broken":{"minecraft:stone_pickaxe":1},"minecraft:dropped":{"minecraft:stone_axe":2,"minecraft:wheat_seeds":1,"minecraft:cooked_chicken":2,"minecraft:stone_sword":1,"minecraft:cobbled_deepslate":3,"minecraft:cooked_porkchop":2,"minecraft:stone_shovel":1,"minecraft:cobblestone":68,"minecraft:rotten_flesh":12,"minecraft:granite":9,"minecraft:poppy":1,"minecraft:dirt":8,"minecraft:diorite":3,"minecraft:snowball":1,"minecraft:spider_eye":1,"minecraft:stone_pickaxe":1,"minecraft:wooden_pickaxe":1,"minecraft:spruce_sapling":1},"minecraft:killed":{"minecraft:pig":2,"minecraft:spider":1,"minecraft:creeper":1,"minecraft:skeleton":3,"minecraft:zombie":5,"minecraft:chicken":1,"minecraft:cow":1},"minecraft:used":{"minecraft:iron_shovel":32,"minecraft:stone_pickaxe":131,"minecraft:stone_shovel":20,"minecraft:wooden_pickaxe":6,"minecraft:iron_sword":42,"minecraft:dirt":13,"minecraft:sand":20,"minecraft:crafting_table":6,"minecraft:white_bed":4,"minecraft:granite":1,"minecraft:smoker":1,"minecraft:iron_pickaxe":321,"minecraft:iron_axe":33,"minecraft:stone_axe":2,"minecraft:cobblestone":80,"minecraft:sweet_berries":25,"minecraft:furnace":3,"minecraft:cooked_porkchop":4,"minecraft:cobbled_deepslate":2},"minecraft:custom":{"minecraft:interact_with_furnace":33,"minecraft:mob_kills":15,"minecraft:interact_with_crafting_table":27,"minecraft:open_barrel":4,"minecraft:leave_game":3,"minecraft:time_since_death":8771,"minecraft:sleep_in_bed":1,"minecraft:time_since_rest":8797,"minecraft:sprint_one_cm":92608,"minecraft:damage_taken":948,"minecraft:walk_one_cm":104893,"minecraft:drop":28,"minecraft:damage_dealt":2608,"minecraft:swim_one_cm":9138,"minecraft:fly_one_cm":153813,"minecraft:open_chest":1,"minecraft:crouch_one_cm":12885,"minecraft:play_time":66506,"minecraft:deaths":4,"minecraft:sneak_time":4599,"minecraft:walk_under_water_one_cm":1507,"minecraft:jump":960,"minecraft:walk_on_water_one_cm":2590,"minecraft:interact_with_smoker":10,"minecraft:total_world_time":66506,"minecraft:fall_one_cm":27525},"minecraft:mined":{"minecraft:deepslate_redstone_ore":14,"minecraft:deepslate_diamond_ore":4,"minecraft:powder_snow":12,"minecraft:crafting_table":5,"minecraft:granite":13,"minecraft:grass_block":3,"minecraft:cobblestone":4,"minecraft:spruce_leaves":12,"minecraft:deepslate_gold_ore":13,"minecraft:diorite":18,"minecraft:furnace":2,"minecraft:iron_ore":66,"minecraft:sweet_berry_bush":10,"minecraft:snow":1,"minecraft:spruce_log":23,"minecraft:deepslate_lapis_ore":1,"minecraft:deepslate_iron_ore":22,"minecraft:grass":2,"minecraft:oak_log":6,"minecraft:coal_ore":50,"minecraft:gravel":7,"minecraft:sand":20,"minecraft:dirt":16,"minecraft:stone":242,"minecraft:gold_ore":3,"minecraft:deepslate":5,"minecraft:oak_leaves":1,"minecraft:fern":1},"minecraft:crafted":{"minecraft:stone_shovel":1,"minecraft:cooked_porkchop":6,"minecraft:crafting_table":2,"minecraft:spruce_planks":36,"minecraft:cooked_chicken":1,"minecraft:wooden_pickaxe":1,"minecraft:iron_helmet":1,"minecraft:iron_sword":1,"minecraft:furnace":2,"minecraft:bucket":3,"minecraft:stone_axe":1,"minecraft:air":0,"minecraft:iron_boots":1,"minecraft:iron_chestplate":1,"minecraft:shield":1,"minecraft:iron_axe":1,"minecraft:stick":24,"minecraft:iron_ingot":47,"minecraft:iron_pickaxe":2,"minecraft:stone_pickaxe":1,"minecraft:iron_shovel":1,"minecraft:iron_leggings":1,"minecraft:torch":4,"minecraft:smoker":1}},"DataVersion":3465}