{"stats":{"minecraft:used":{"minecraft:flint_and_steel":72,"minecraft:stone_shovel":486,"minecraft:chest":2,"minecraft:cooked_chicken":5,"minecraft:netherrack":10,"minecraft:torch":34,"minecraft:dirt":333,"minecraft:mutton":2,"minecraft:granite":3,"minecraft:obsidian":1,"minecraft:wooden_axe":67,"minecraft:iron_axe":223,"minecraft:golden_sword":14,"minecraft:beef":1,"minecraft:furnace":8,"minecraft:cooked_beef":6,"minecraft:potato":4,"minecraft:cherry_log":1,"minecraft:cooked_mutton":14,"minecraft:stone_pickaxe":272,"minecraft:baked_potato":24,"minecraft:oak_planks":5,"minecraft:wooden_pickaxe":127,"minecraft:crafting_table":12,"minecraft:white_bed":2,"minecraft:apple":8,"minecraft:chicken":4,"minecraft:bread":23,"minecraft:iron_pickaxe":328,"minecraft:stone_axe":14,"minecraft:pink_petals":5,"minecraft:cobblestone":44,"minecraft:porkchop":5,"minecraft:cooked_porkchop":19},"minecraft:dropped":{"minecraft:wheat_seeds":1,"minecraft:diamond_axe":1,"minecraft:cooked_beef":1,"minecraft:diamond":2,"minecraft:feather":4,"minecraft:lead":1,"minecraft:leather":1,"minecraft:coal":1,"minecraft:gold_block":1,"minecraft:dirt":1,"minecraft:spruce_sapling":1,"minecraft:dandelion":1,"minecraft:bone":2,"minecraft:obsidian":2,"minecraft:rotten_flesh":5,"minecraft:poppy":1,"minecraft:wooden_pickaxe":2,"minecraft:stone_pickaxe":3},"minecraft:crafted":{"minecraft:oak_planks":152,"minecraft:stone_shovel":4,"minecraft:cooked_chicken":4,"minecraft:furnace":3,"minecraft:cooked_mutton":15,"minecraft:flint_and_steel":1,"minecraft:iron_axe":2,"minecraft:stone_pickaxe":3,"minecraft:chest":1,"minecraft:wheat":72,"minecraft:cooked_beef":5,"minecraft:cooked_porkchop":21,"minecraft:crafting_table":4,"minecraft:spruce_planks":36,"minecraft:baked_potato":46,"minecraft:wooden_pickaxe":5,"minecraft:stone_axe":1,"minecraft:bread":14,"minecraft:stick":104,"minecraft:iron_ingot":17,"minecraft:iron_pickaxe":3,"minecraft:wooden_axe":4,"minecraft:white_bed":1,"minecraft:torch":52},"minecraft:broken":{"minecraft:flint_and_steel":1,"minecraft:wooden_pickaxe":1,"minecraft:stone_pickaxe":2,"minecraft:iron_pickaxe":1,"minecraft:stone_shovel":2},"minecraft:custom":{"minecraft:mob_kills":41,"minecraft:interact_with_crafting_table":34,"minecraft:open_barrel":4,"minecraft:leave_game":10,"minecraft:time_since_death":35603,"minecraft:climb_one_cm":1932,"minecraft:sprint_one_cm":1339121,"minecraft:walk_one_cm":640992,"minecraft:drop":26,"minecraft:talked_to_villager":1,"minecraft:play_time":391402,"minecraft:deaths":9,"minecraft:sneak_time":525,"minecraft:walk_under_water_one_cm":13341,"minecraft:jump":7074,"minecraft:interact_with_brewingstand":1,"minecraft:walk_on_water_one_cm":48650,"minecraft:total_world_time":391402,"minecraft:interact_with_furnace":78,"minecraft:interact_with_cartography_table":1,"minecraft:sleep_in_bed":8,"minecraft:time_since_rest":35856,"minecraft:damage_taken":7067,"minecraft:damage_dealt":5164,"minecraft:swim_one_cm":51187,"minecraft:fly_one_cm":1594670,"minecraft:open_chest":71,"minecraft:crouch_one_cm":2619,"minecraft:interact_with_smoker":9,"minecraft:fall_one_cm":197214},"minecraft:picked_up":{"minecraft:wooden_axe":7,"minecraft:crafting_table":22,"minecraft:wheat":30,"minecraft:chicken":17,"minecraft:clay_ball":4,"minecraft:stone_slab":1,"minecraft:lead":2,"minecraft:wooden_pickaxe":8,"minecraft:gold_block":1,"minecraft:cornflower":6,"minecraft:string":3,"minecraft:iron_axe":1,"minecraft:flint_and_steel":2,"minecraft:spruce_planks":140,"minecraft:beef":4,"minecraft:poppy":3,"minecraft:iron_pickaxe":12,"minecraft:light_gray_wool":4,"minecraft:chest":2,"minecraft:furnace":9,"minecraft:egg":1,"minecraft:stick":176,"minecraft:raw_iron":47,"minecraft:torch":155,"minecraft:fire_charge":2,"minecraft:porkchop":24,"minecraft:golden_axe":1,"minecraft:cherry_log":205,"minecraft:diorite":42,"minecraft:golden_chestplate":11,"minecraft:arrow":3,"minecraft:rotten_flesh":5,"minecraft:stone_shovel":12,"minecraft:hay_block":66,"minecraft:obsidian":3,"minecraft:mutton":21,"minecraft:cobblestone":286,"minecraft:white_wool":18,"minecraft:oxeye_daisy":1,"minecraft:pink_petals":1384,"minecraft:feather":18,"minecraft:cooked_beef":2,"minecraft:andesite":6,"minecraft:leather":1,"minecraft:potato":7,"minecraft:flint":1,"minecraft:oak_log":48,"minecraft:map":2,"minecraft:dirt":938,"minecraft:cooked_mutton":24,"minecraft:bone":2,"minecraft:apple":2,"minecraft:wheat_seeds":59,"minecraft:cooked_chicken":1,"minecraft:stone_pickaxe":2,"minecraft:iron_ingot":16,"minecraft:oak_planks":96,"minecraft:cooked_porkchop":4,"minecraft:stone_brick_slab":3,"minecraft:dandelion":5,"minecraft:gravel":24,"minecraft:spruce_sapling":1,"minecraft:ink_sac":1,"minecraft:white_bed":1,"minecraft:spruce_log":9,"minecraft:mossy_stone_brick_slab":1,"minecraft:diamond":2,"minecraft:granite":3,"minecraft:cherry_sapling":16,"minecraft:bread":10,"minecraft:oak_sapling":2,"minecraft:netherrack":10,"minecraft:coal":635},"minecraft:mined":{"minecraft:white_bed":1,"minecraft:mossy_stone_brick_slab":1,"minecraft:cherry_log":176,"minecraft:granite":3,"minecraft:grass_block":395,"minecraft:spruce_leaves":2,"minecraft:oxeye_daisy":1,"minecraft:hay_block":29,"minecraft:magma_block":1,"minecraft:furnace":5,"minecraft:iron_ore":16,"minecraft:fire":6,"minecraft:andesite":4,"minecraft:gold_block":1,"minecraft:packed_ice":1,"minecraft:stone":81,"minecraft:stone_brick_slab":5,"minecraft:dandelion":4,"minecraft:clay":1,"minecraft:crafting_table":11,"minecraft:cornflower":3,"minecraft:torch":5,"minecraft:poppy":2,"minecraft:chest":1,"minecraft:stone_slab":1,"minecraft:tall_grass":16,"minecraft:cobblestone":7,"minecraft:diorite":6,"minecraft:pink_petals":300,"minecraft:spruce_log":7,"minecraft:grass":209,"minecraft:oak_log":42,"minecraft:coal_ore":159,"minecraft:cherry_leaves":32,"minecraft:gravel":25,"minecraft:dirt":58,"minecraft:netherrack":21,"minecraft:oak_leaves":1},"minecraft:killed":{"minecraft:chicken":9,"minecraft:pig":10,"minecraft:wandering_trader":1,"minecraft:squid":1,"minecraft:sheep":10,"minecraft:zombie":6,"minecraft:cow":2},"minecraft:killed_by":{"minecraft:creeper":4,"minecraft:skeleton":3,"minecraft:zombie":1}},"DataVersion":3465}