{"stats":{"minecraft:used":{"minecraft:cherry_sapling":31,"minecraft:iron_shovel":1563,"minecraft:flint_and_steel":136,"minecraft:stone_shovel":551,"minecraft:chest":3,"minecraft:shield":17,"minecraft:cooked_chicken":5,"minecraft:netherrack":10,"minecraft:torch":122,"minecraft:dirt":1172,"minecraft:mutton":2,"minecraft:granite":3,"minecraft:obsidian":1,"minecraft:wooden_axe":67,"minecraft:cherry_slab":3,"minecraft:iron_axe":660,"minecraft:golden_sword":14,"minecraft:beef":1,"minecraft:furnace":10,"minecraft:cooked_beef":6,"minecraft:potato":4,"minecraft:pointed_dripstone":1,"minecraft:cherry_log":10,"minecraft:cooked_mutton":14,"minecraft:stone_pickaxe":396,"minecraft:baked_potato":76,"minecraft:oak_planks":5,"minecraft:wooden_pickaxe":127,"minecraft:crafting_table":12,"minecraft:white_bed":3,"minecraft:oak_log":4,"minecraft:apple":8,"minecraft:chicken":4,"minecraft:bread":32,"minecraft:iron_pickaxe":688,"minecraft:stone_axe":14,"minecraft:pink_petals":5,"minecraft:cobblestone":124,"minecraft:porkchop":5,"minecraft:cooked_porkchop":22},"minecraft:dropped":{"minecraft:water_bucket":1,"minecraft:iron_ingot":21,"minecraft:iron_sword":1,"minecraft:lapis_lazuli":47,"minecraft:wheat_seeds":1,"minecraft:diamond_axe":1,"minecraft:baked_potato":1,"minecraft:cooked_beef":1,"minecraft:oak_log":4,"minecraft:diamond":3,"minecraft:dripstone_block":3,"minecraft:iron_helmet":2,"minecraft:cobblestone":36,"minecraft:feather":4,"minecraft:lead":1,"minecraft:leather":1,"minecraft:coal":1,"minecraft:stick":6,"minecraft:gold_block":1,"minecraft:dirt":6,"minecraft:diorite":1,"minecraft:torch":40,"minecraft:iron_leggings":1,"minecraft:iron_pickaxe":1,"minecraft:string":3,"minecraft:pink_petals":64,"minecraft:redstone":32,"minecraft:spruce_sapling":1,"minecraft:dandelion":1,"minecraft:bone":11,"minecraft:furnace":1,"minecraft:stone_axe":1,"minecraft:cobbled_deepslate":20,"minecraft:stone_sword":1,"minecraft:tuff":3,"minecraft:pointed_dripstone":6,"minecraft:raw_iron":51,"minecraft:obsidian":2,"minecraft:rotten_flesh":28,"minecraft:iron_boots":1,"minecraft:oak_planks":27,"minecraft:poppy":1,"minecraft:iron_chestplate":2,"minecraft:andesite":1,"minecraft:slime_ball":1,"minecraft:arrow":9,"minecraft:wooden_pickaxe":2,"minecraft:stone_pickaxe":5,"minecraft:raw_gold":32},"minecraft:crafted":{"minecraft:cherry_planks":616,"minecraft:oak_planks":172,"minecraft:stone_shovel":5,"minecraft:cherry_slab":78,"minecraft:cooked_chicken":4,"minecraft:furnace":5,"minecraft:cooked_mutton":15,"minecraft:flint_and_steel":2,"minecraft:iron_axe":5,"minecraft:stone_pickaxe":4,"minecraft:chest":2,"minecraft:wheat":72,"minecraft:cooked_beef":5,"minecraft:cooked_porkchop":24,"minecraft:crafting_table":4,"minecraft:spruce_planks":36,"minecraft:baked_potato":106,"minecraft:wooden_pickaxe":5,"minecraft:bucket":1,"minecraft:stone_axe":1,"minecraft:bread":24,"minecraft:shield":1,"minecraft:stick":152,"minecraft:iron_ingot":104,"minecraft:iron_pickaxe":6,"minecraft:wooden_axe":4,"minecraft:iron_shovel":7,"minecraft:white_bed":1,"minecraft:torch":184},"minecraft:broken":{"minecraft:iron_shovel":5,"minecraft:flint_and_steel":2,"minecraft:wooden_pickaxe":1,"minecraft:stone_pickaxe":3,"minecraft:iron_axe":2,"minecraft:iron_pickaxe":2,"minecraft:stone_shovel":2},"minecraft:custom":{"minecraft:mob_kills":69,"minecraft:interact_with_crafting_table":57,"minecraft:open_barrel":4,"minecraft:leave_game":10,"minecraft:time_since_death":40852,"minecraft:climb_one_cm":2604,"minecraft:sprint_one_cm":1947579,"minecraft:walk_one_cm":1085911,"minecraft:damage_blocked_by_shield":480,"minecraft:drop":134,"minecraft:talked_to_villager":1,"minecraft:play_time":595402,"minecraft:deaths":13,"minecraft:sneak_time":545,"minecraft:walk_under_water_one_cm":26270,"minecraft:jump":10155,"minecraft:interact_with_brewingstand":1,"minecraft:walk_on_water_one_cm":66065,"minecraft:total_world_time":595402,"minecraft:interact_with_furnace":103,"minecraft:interact_with_cartography_table":1,"minecraft:sleep_in_bed":10,"minecraft:time_since_rest":40877,"minecraft:damage_taken":10602,"minecraft:damage_dealt":9719,"minecraft:swim_one_cm":56041,"minecraft:fly_one_cm":2171644,"minecraft:open_chest":108,"minecraft:crouch_one_cm":2650,"minecraft:interact_with_smoker":9,"minecraft:fall_one_cm":263432},"minecraft:picked_up":{"minecraft:wooden_axe":7,"minecraft:iron_chestplate":2,"minecraft:crafting_table":23,"minecraft:wheat":30,"minecraft:chicken":17,"minecraft:clay_ball":4,"minecraft:stone_slab":1,"minecraft:lead":2,"minecraft:wooden_pickaxe":8,"minecraft:gold_block":1,"minecraft:shield":1,"minecraft:cornflower":6,"minecraft:string":7,"minecraft:iron_axe":2,"minecraft:flint_and_steel":3,"minecraft:iron_leggings":1,"minecraft:iron_shovel":1,"minecraft:cobbled_deepslate":20,"minecraft:spruce_planks":140,"minecraft:beef":7,"minecraft:poppy":3,"minecraft:iron_pickaxe":14,"minecraft:light_gray_wool":4,"minecraft:chest":2,"minecraft:iron_boots":1,"minecraft:furnace":12,"minecraft:egg":1,"minecraft:stick":187,"minecraft:raw_iron":185,"minecraft:torch":210,"minecraft:fire_charge":2,"minecraft:porkchop":27,"minecraft:golden_axe":1,"minecraft:cherry_log":530,"minecraft:pointed_dripstone":7,"minecraft:diorite":47,"minecraft:redstone":32,"minecraft:golden_chestplate":12,"minecraft:stone_sword":1,"minecraft:arrow":21,"minecraft:rotten_flesh":42,"minecraft:stone_shovel":12,"minecraft:hay_block":66,"minecraft:obsidian":3,"minecraft:mutton":21,"minecraft:cobblestone":452,"minecraft:white_wool":18,"minecraft:oxeye_daisy":1,"minecraft:pink_petals":2115,"minecraft:feather":18,"minecraft:cooked_beef":2,"minecraft:water_bucket":1,"minecraft:andesite":8,"minecraft:leather":2,"minecraft:potato":7,"minecraft:flint":1,"minecraft:tuff":3,"minecraft:oak_log":56,"minecraft:gunpowder":2,"minecraft:lapis_lazuli":47,"minecraft:map":2,"minecraft:dirt":2365,"minecraft:cooked_mutton":24,"minecraft:bone":20,"minecraft:apple":2,"minecraft:wheat_seeds":82,"minecraft:raw_gold":37,"minecraft:cooked_chicken":1,"minecraft:stone_pickaxe":4,"minecraft:iron_ingot":112,"minecraft:iron_sword":1,"minecraft:oak_planks":125,"minecraft:cooked_porkchop":4,"minecraft:stone_brick_slab":3,"minecraft:dandelion":5,"minecraft:dripstone_block":3,"minecraft:gravel":24,"minecraft:spruce_sapling":1,"minecraft:ink_sac":1,"minecraft:white_bed":2,"minecraft:spruce_log":9,"minecraft:mossy_stone_brick_slab":1,"minecraft:spider_eye":3,"minecraft:slime_ball":1,"minecraft:stone_axe":1,"minecraft:diamond":3,"minecraft:iron_helmet":2,"minecraft:granite":23,"minecraft:cherry_sapling":47,"minecraft:bread":10,"minecraft:baked_potato":2,"minecraft:oak_sapling":2,"minecraft:cherry_slab":3,"minecraft:netherrack":10,"minecraft:coal":817},"minecraft:mined":{"minecraft:white_bed":2,"minecraft:mossy_stone_brick_slab":1,"minecraft:cherry_log":500,"minecraft:granite":13,"minecraft:grass_block":1274,"minecraft:spruce_leaves":2,"minecraft:oxeye_daisy":1,"minecraft:hay_block":29,"minecraft:magma_block":1,"minecraft:furnace":6,"minecraft:iron_ore":104,"minecraft:fire":6,"minecraft:andesite":5,"minecraft:gold_block":1,"minecraft:deepslate_iron_ore":1,"minecraft:pointed_dripstone":1,"minecraft:dirt_path":6,"minecraft:packed_ice":1,"minecraft:stone":183,"minecraft:stone_brick_slab":5,"minecraft:dandelion":4,"minecraft:clay":1,"minecraft:crafting_table":11,"minecraft:cornflower":3,"minecraft:torch":9,"minecraft:poppy":2,"minecraft:chest":1,"minecraft:stone_slab":1,"minecraft:tall_grass":21,"minecraft:cobblestone":16,"minecraft:deepslate_gold_ore":5,"minecraft:diorite":10,"minecraft:cherry_slab":2,"minecraft:pink_petals":518,"minecraft:spruce_log":7,"minecraft:grass":267,"minecraft:oak_log":42,"minecraft:coal_ore":286,"minecraft:cherry_leaves":55,"minecraft:gravel":25,"minecraft:dirt":695,"minecraft:netherrack":21,"minecraft:oak_leaves":1,"minecraft:deepslate":2},"minecraft:killed":{"minecraft:spider":4,"minecraft:skeleton":6,"minecraft:chicken":9,"minecraft:pig":11,"minecraft:wandering_trader":1,"minecraft:creeper":1,"minecraft:squid":1,"minecraft:sheep":10,"minecraft:zombie":16,"minecraft:cow":3},"minecraft:killed_by":{"minecraft:creeper":5,"minecraft:skeleton":3,"minecraft:zombie":3}},"DataVersion":3465}