{"stats":{"minecraft:used":{"minecraft:cooked_mutton":3,"minecraft:flint_and_steel":8,"minecraft:stone_shovel":290,"minecraft:stone_pickaxe":224,"minecraft:chest":1,"minecraft:wooden_pickaxe":43,"minecraft:cooked_chicken":3,"minecraft:torch":4,"minecraft:dirt":118,"minecraft:mutton":1,"minecraft:crafting_table":6,"minecraft:white_bed":1,"minecraft:granite":3,"minecraft:obsidian":1,"minecraft:wooden_axe":19,"minecraft:apple":8,"minecraft:chicken":1,"minecraft:bread":21,"minecraft:iron_pickaxe":135,"minecraft:stone_axe":14,"minecraft:golden_sword":14,"minecraft:cobblestone":32,"minecraft:beef":1,"minecraft:cooked_porkchop":13,"minecraft:furnace":5,"minecraft:porkchop":2,"minecraft:cooked_beef":4},"minecraft:dropped":{"minecraft:wheat_seeds":1,"minecraft:cooked_beef":1,"minecraft:diamond":2,"minecraft:obsidian":2,"minecraft:feather":4,"minecraft:leather":1,"minecraft:coal":1,"minecraft:gold_block":1,"minecraft:poppy":1,"minecraft:dirt":1,"minecraft:wooden_pickaxe":2,"minecraft:spruce_sapling":1,"minecraft:dandelion":1,"minecraft:bone":2},"minecraft:crafted":{"minecraft:cooked_beef":3,"minecraft:oak_planks":60,"minecraft:stone_shovel":3,"minecraft:cooked_porkchop":15,"minecraft:crafting_table":2,"minecraft:spruce_planks":36,"minecraft:wooden_pickaxe":2,"minecraft:cooked_chicken":2,"minecraft:furnace":2,"minecraft:stone_axe":1,"minecraft:bread":14,"minecraft:cooked_mutton":6,"minecraft:flint_and_steel":1,"minecraft:stick":48,"minecraft:iron_ingot":5,"minecraft:iron_pickaxe":2,"minecraft:stone_pickaxe":2,"minecraft:wooden_axe":1,"minecraft:torch":28,"minecraft:wheat":72},"minecraft:broken":{"minecraft:stone_pickaxe":2,"minecraft:stone_shovel":1,"minecraft:wooden_pickaxe":1},"minecraft:custom":{"minecraft:interact_with_furnace":17,"minecraft:mob_kills":19,"minecraft:interact_with_crafting_table":15,"minecraft:interact_with_cartography_table":1,"minecraft:leave_game":1,"minecraft:time_since_death":168,"minecraft:sleep_in_bed":2,"minecraft:time_since_rest":516,"minecraft:sprint_one_cm":607296,"minecraft:damage_taken":2955,"minecraft:walk_one_cm":260768,"minecraft:drop":16,"minecraft:damage_dealt":1908,"minecraft:swim_one_cm":43709,"minecraft:fly_one_cm":751587,"minecraft:open_chest":16,"minecraft:crouch_one_cm":1625,"minecraft:play_time":179152,"minecraft:deaths":2,"minecraft:sneak_time":385,"minecraft:walk_under_water_one_cm":10815,"minecraft:interact_with_brewingstand":1,"minecraft:jump":3510,"minecraft:walk_on_water_one_cm":34747,"minecraft:total_world_time":179152,"minecraft:fall_one_cm":104392},"minecraft:picked_up":{"minecraft:pink_petals":301,"minecraft:crafting_table":5,"minecraft:feather":4,"minecraft:cooked_beef":2,"minecraft:chicken":6,"minecraft:clay_ball":4,"minecraft:andesite":2,"minecraft:leather":1,"minecraft:wooden_pickaxe":1,"minecraft:gold_block":1,"minecraft:flint":1,"minecraft:oak_log":15,"minecraft:map":1,"minecraft:dirt":337,"minecraft:cooked_mutton":3,"minecraft:bone":2,"minecraft:apple":2,"minecraft:wheat_seeds":15,"minecraft:iron_ingot":5,"minecraft:beef":4,"minecraft:cooked_chicken":1,"minecraft:poppy":1,"minecraft:iron_pickaxe":1,"minecraft:chest":2,"minecraft:furnace":4,"minecraft:stick":17,"minecraft:raw_iron":15,"minecraft:stone_brick_slab":1,"minecraft:torch":24,"minecraft:dandelion":1,"minecraft:fire_charge":1,"minecraft:gravel":24,"minecraft:porkchop":15,"minecraft:golden_axe":1,"minecraft:cherry_log":11,"minecraft:spruce_sapling":1,"minecraft:ink_sac":1,"minecraft:diorite":12,"minecraft:white_bed":1,"minecraft:spruce_log":9,"minecraft:arrow":2,"minecraft:stone_shovel":1,"minecraft:diamond":2,"minecraft:hay_block":45,"minecraft:granite":3,"minecraft:cherry_sapling":8,"minecraft:obsidian":2,"minecraft:mutton":7,"minecraft:coal":138,"minecraft:white_wool":5,"minecraft:cobblestone":98,"minecraft:oxeye_daisy":1},"minecraft:mined":{"minecraft:white_bed":1,"minecraft:cherry_log":11,"minecraft:stone_brick_slab":1,"minecraft:dandelion":2,"minecraft:clay":1,"minecraft:crafting_table":5,"minecraft:granite":3,"minecraft:grass_block":256,"minecraft:poppy":1,"minecraft:chest":1,"minecraft:tall_grass":4,"minecraft:cobblestone":3,"minecraft:spruce_leaves":2,"minecraft:diorite":6,"minecraft:oxeye_daisy":1,"minecraft:pink_petals":60,"minecraft:hay_block":29,"minecraft:furnace":4,"minecraft:iron_ore":10,"minecraft:fire":5,"minecraft:spruce_log":7,"minecraft:andesite":2,"minecraft:grass":100,"minecraft:oak_log":15,"minecraft:coal_ore":94,"minecraft:gravel":25,"minecraft:dirt":18,"minecraft:stone":55,"minecraft:netherrack":3,"minecraft:oak_leaves":1},"minecraft:killed":{"minecraft:pig":6,"minecraft:squid":1,"minecraft:sheep":5,"minecraft:chicken":4,"minecraft:cow":2},"minecraft:killed_by":{"minecraft:skeleton":1,"minecraft:creeper":1}},"DataVersion":3465}