{"stats":{"minecraft:used":{"minecraft:wooden_axe":6,"minecraft:apple":2,"minecraft:stone_pickaxe":132,"minecraft:wooden_pickaxe":43,"minecraft:cobblestone":10,"minecraft:mutton":1,"minecraft:beef":1,"minecraft:crafting_table":3,"minecraft:furnace":1,"minecraft:porkchop":2,"minecraft:cooked_beef":4},"minecraft:dropped":{"minecraft:cooked_beef":1,"minecraft:diamond":2,"minecraft:wooden_pickaxe":2},"minecraft:crafted":{"minecraft:cooked_beef":3,"minecraft:oak_planks":60,"minecraft:crafting_table":1,"minecraft:stick":12,"minecraft:wooden_pickaxe":2,"minecraft:stone_pickaxe":2,"minecraft:wooden_axe":1,"minecraft:furnace":1},"minecraft:broken":{"minecraft:stone_pickaxe":1,"minecraft:wooden_pickaxe":1},"minecraft:custom":{"minecraft:time_since_rest":39744,"minecraft:interact_with_furnace":4,"minecraft:sprint_one_cm":130279,"minecraft:damage_taken":375,"minecraft:walk_one_cm":78278,"minecraft:mob_kills":9,"minecraft:drop":4,"minecraft:damage_dealt":920,"minecraft:swim_one_cm":4193,"minecraft:interact_with_crafting_table":4,"minecraft:fly_one_cm":139217,"minecraft:open_chest":6,"minecraft:crouch_one_cm":991,"minecraft:play_time":39744,"minecraft:sneak_time":169,"minecraft:walk_under_water_one_cm":829,"minecraft:jump":671,"minecraft:time_since_death":39744,"minecraft:walk_on_water_one_cm":6495,"minecraft:total_world_time":39744,"minecraft:fall_one_cm":17526},"minecraft:picked_up":{"minecraft:crafting_table":3,"minecraft:cooked_beef":2,"minecraft:leather":1,"minecraft:wooden_pickaxe":1,"minecraft:dandelion":1,"minecraft:porkchop":12,"minecraft:oak_log":15,"minecraft:bone":1,"minecraft:arrow":1,"minecraft:apple":2,"minecraft:diamond":2,"minecraft:wheat_seeds":7,"minecraft:beef":4,"minecraft:coal":5,"minecraft:mutton":4,"minecraft:furnace":1,"minecraft:white_wool":3,"minecraft:cobblestone":33,"minecraft:oxeye_daisy":1},"minecraft:mined":{"minecraft:furnace":1,"minecraft:dandelion":2,"minecraft:crafting_table":3,"minecraft:grass":61,"minecraft:coal_ore":5,"minecraft:oak_log":15,"minecraft:stone":33,"minecraft:oxeye_daisy":1,"minecraft:oak_leaves":1},"minecraft:killed":{"minecraft:sheep":3,"minecraft:pig":4,"minecraft:cow":2}},"DataVersion":3465}