{"stats":{"minecraft:used":{"minecraft:stone_shovel":160,"minecraft:stone_pickaxe":224,"minecraft:wooden_pickaxe":43,"minecraft:dirt":9,"minecraft:mutton":1,"minecraft:crafting_table":4,"minecraft:white_bed":1,"minecraft:granite":3,"minecraft:obsidian":1,"minecraft:wooden_axe":11,"minecraft:apple":8,"minecraft:bread":9,"minecraft:iron_pickaxe":24,"minecraft:cobblestone":32,"minecraft:beef":1,"minecraft:cooked_porkchop":1,"minecraft:furnace":2,"minecraft:porkchop":2,"minecraft:cooked_beef":4},"minecraft:dropped":{"minecraft:cooked_beef":1,"minecraft:diamond":2,"minecraft:wooden_pickaxe":2},"minecraft:crafted":{"minecraft:cooked_beef":3,"minecraft:oak_planks":60,"minecraft:stone_shovel":2,"minecraft:cooked_porkchop":12,"minecraft:crafting_table":1,"minecraft:wooden_pickaxe":2,"minecraft:furnace":1,"minecraft:cooked_mutton":3,"minecraft:stick":40,"minecraft:iron_ingot":5,"minecraft:iron_pickaxe":1,"minecraft:stone_pickaxe":2,"minecraft:wooden_axe":1,"minecraft:torch":28},"minecraft:broken":{"minecraft:stone_pickaxe":2,"minecraft:stone_shovel":1,"minecraft:wooden_pickaxe":1},"minecraft:custom":{"minecraft:interact_with_furnace":8,"minecraft:mob_kills":10,"minecraft:interact_with_crafting_table":12,"minecraft:interact_with_cartography_table":1,"minecraft:time_since_death":111744,"minecraft:sleep_in_bed":1,"minecraft:time_since_rest":12017,"minecraft:sprint_one_cm":311911,"minecraft:damage_taken":677,"minecraft:walk_one_cm":144016,"minecraft:drop":4,"minecraft:damage_dealt":1090,"minecraft:swim_one_cm":17666,"minecraft:fly_one_cm":361682,"minecraft:open_chest":13,"minecraft:crouch_one_cm":1231,"minecraft:play_time":111744,"minecraft:sneak_time":244,"minecraft:walk_under_water_one_cm":6459,"minecraft:interact_with_brewingstand":1,"minecraft:jump":1668,"minecraft:walk_on_water_one_cm":18000,"minecraft:total_world_time":111744,"minecraft:fall_one_cm":48866},"minecraft:picked_up":{"minecraft:pink_petals":192,"minecraft:crafting_table":3,"minecraft:cooked_beef":2,"minecraft:clay_ball":4,"minecraft:leather":1,"minecraft:wooden_pickaxe":1,"minecraft:oak_log":15,"minecraft:dirt":147,"minecraft:bone":1,"minecraft:apple":2,"minecraft:wheat_seeds":10,"minecraft:beef":4,"minecraft:poppy":1,"minecraft:furnace":1,"minecraft:raw_iron":5,"minecraft:dandelion":1,"minecraft:gravel":15,"minecraft:porkchop":12,"minecraft:cherry_log":4,"minecraft:ink_sac":1,"minecraft:diorite":6,"minecraft:white_bed":1,"minecraft:arrow":1,"minecraft:diamond":2,"minecraft:hay_block":16,"minecraft:granite":3,"minecraft:mutton":4,"minecraft:coal":50,"minecraft:white_wool":3,"minecraft:cobblestone":53,"minecraft:oxeye_daisy":1},"minecraft:mined":{"minecraft:white_bed":1,"minecraft:cherry_log":4,"minecraft:dandelion":2,"minecraft:clay":1,"minecraft:crafting_table":3,"minecraft:granite":3,"minecraft:grass_block":141,"minecraft:poppy":1,"minecraft:cobblestone":3,"minecraft:diorite":6,"minecraft:oxeye_daisy":1,"minecraft:pink_petals":17,"minecraft:hay_block":16,"minecraft:furnace":1,"minecraft:iron_ore":5,"minecraft:grass":69,"minecraft:oak_log":15,"minecraft:coal_ore":51,"minecraft:gravel":15,"minecraft:dirt":8,"minecraft:stone":50,"minecraft:oak_leaves":1},"minecraft:killed":{"minecraft:pig":4,"minecraft:squid":1,"minecraft:sheep":3,"minecraft:cow":2}},"DataVersion":3465}