{"stats":{"minecraft:used":{"minecraft:cooked_mutton":3,"minecraft:flint_and_steel":8,"minecraft:stone_pickaxe":224,"minecraft:stone_shovel":290,"minecraft:oak_planks":5,"minecraft:chest":1,"minecraft:wooden_pickaxe":51,"minecraft:cooked_chicken":3,"minecraft:torch":4,"minecraft:dirt":118,"minecraft:mutton":2,"minecraft:crafting_table":8,"minecraft:white_bed":1,"minecraft:granite":3,"minecraft:obsidian":1,"minecraft:wooden_axe":33,"minecraft:apple":8,"minecraft:chicken":4,"minecraft:bread":21,"minecraft:iron_pickaxe":135,"minecraft:stone_axe":14,"minecraft:golden_sword":14,"minecraft:cobblestone":32,"minecraft:beef":1,"minecraft:porkchop":5,"minecraft:furnace":5,"minecraft:cooked_porkchop":13,"minecraft:cooked_beef":4},"minecraft:dropped":{"minecraft:wheat_seeds":1,"minecraft:cooked_beef":1,"minecraft:diamond":2,"minecraft:obsidian":2,"minecraft:feather":4,"minecraft:leather":1,"minecraft:coal":1,"minecraft:gold_block":1,"minecraft:poppy":1,"minecraft:dirt":1,"minecraft:wooden_pickaxe":2,"minecraft:spruce_sapling":1,"minecraft:dandelion":1,"minecraft:bone":2},"minecraft:crafted":{"minecraft:cooked_beef":3,"minecraft:oak_planks":124,"minecraft:stone_shovel":3,"minecraft:cooked_porkchop":15,"minecraft:crafting_table":4,"minecraft:spruce_planks":36,"minecraft:wooden_pickaxe":4,"minecraft:cooked_chicken":2,"minecraft:furnace":2,"minecraft:stone_axe":1,"minecraft:bread":14,"minecraft:cooked_mutton":6,"minecraft:flint_and_steel":1,"minecraft:stick":68,"minecraft:iron_ingot":5,"minecraft:iron_pickaxe":2,"minecraft:stone_pickaxe":2,"minecraft:wooden_axe":3,"minecraft:torch":28,"minecraft:wheat":72},"minecraft:broken":{"minecraft:stone_pickaxe":2,"minecraft:stone_shovel":1,"minecraft:wooden_pickaxe":1},"minecraft:custom":{"minecraft:interact_with_furnace":21,"minecraft:mob_kills":24,"minecraft:interact_with_crafting_table":17,"minecraft:interact_with_cartography_table":1,"minecraft:leave_game":1,"minecraft:time_since_death":3947,"minecraft:sleep_in_bed":2,"minecraft:time_since_rest":4097,"minecraft:sprint_one_cm":683298,"minecraft:damage_taken":3279,"minecraft:walk_one_cm":288301,"minecraft:drop":16,"minecraft:damage_dealt":2210,"minecraft:swim_one_cm":44153,"minecraft:fly_one_cm":886852,"minecraft:open_chest":21,"minecraft:crouch_one_cm":1753,"minecraft:play_time":199282,"minecraft:deaths":3,"minecraft:sneak_time":399,"minecraft:walk_under_water_one_cm":10955,"minecraft:interact_with_brewingstand":1,"minecraft:jump":4037,"minecraft:walk_on_water_one_cm":37715,"minecraft:fall_one_cm":123517,"minecraft:total_world_time":199282},"minecraft:picked_up":{"minecraft:pink_petals":369,"minecraft:crafting_table":8,"minecraft:wheat":30,"minecraft:feather":6,"minecraft:cooked_beef":2,"minecraft:chicken":9,"minecraft:clay_ball":4,"minecraft:andesite":2,"minecraft:leather":1,"minecraft:wooden_pickaxe":1,"minecraft:gold_block":1,"minecraft:flint":1,"minecraft:oak_log":31,"minecraft:map":2,"minecraft:dirt":454,"minecraft:flint_and_steel":2,"minecraft:cooked_mutton":6,"minecraft:bone":2,"minecraft:apple":2,"minecraft:wheat_seeds":17,"minecraft:spruce_planks":28,"minecraft:iron_ingot":7,"minecraft:beef":4,"minecraft:cooked_chicken":1,"minecraft:poppy":1,"minecraft:iron_pickaxe":3,"minecraft:chest":2,"minecraft:furnace":5,"minecraft:stick":36,"minecraft:raw_iron":20,"minecraft:stone_brick_slab":2,"minecraft:torch":48,"minecraft:dandelion":1,"minecraft:gravel":24,"minecraft:fire_charge":2,"minecraft:porkchop":18,"minecraft:golden_axe":1,"minecraft:cherry_log":11,"minecraft:spruce_sapling":1,"minecraft:ink_sac":1,"minecraft:diorite":18,"minecraft:white_bed":1,"minecraft:spruce_log":9,"minecraft:golden_chestplate":2,"minecraft:arrow":3,"minecraft:stone_shovel":3,"minecraft:diamond":2,"minecraft:hay_block":66,"minecraft:granite":3,"minecraft:cherry_sapling":8,"minecraft:bread":2,"minecraft:obsidian":3,"minecraft:mutton":8,"minecraft:coal":204,"minecraft:white_wool":8,"minecraft:cobblestone":134,"minecraft:oxeye_daisy":1},"minecraft:mined":{"minecraft:white_bed":1,"minecraft:cherry_log":11,"minecraft:stone_brick_slab":1,"minecraft:dandelion":2,"minecraft:clay":1,"minecraft:crafting_table":7,"minecraft:granite":3,"minecraft:grass_block":258,"minecraft:poppy":1,"minecraft:chest":1,"minecraft:tall_grass":4,"minecraft:cobblestone":3,"minecraft:spruce_leaves":2,"minecraft:oxeye_daisy":1,"minecraft:diorite":6,"minecraft:pink_petals":60,"minecraft:hay_block":29,"minecraft:furnace":4,"minecraft:iron_ore":10,"minecraft:fire":5,"minecraft:spruce_log":7,"minecraft:andesite":2,"minecraft:grass":104,"minecraft:coal_ore":96,"minecraft:oak_log":31,"minecraft:gravel":25,"minecraft:dirt":18,"minecraft:stone":60,"minecraft:netherrack":3,"minecraft:oak_leaves":1},"minecraft:killed":{"minecraft:pig":7,"minecraft:squid":1,"minecraft:sheep":6,"minecraft:chicken":7,"minecraft:cow":2},"minecraft:killed_by":{"minecraft:skeleton":1,"minecraft:creeper":1}},"DataVersion":3465}