{"stats":{"minecraft:used":{"minecraft:flint_and_steel":72,"minecraft:stone_shovel":335,"minecraft:chest":2,"minecraft:cooked_chicken":5,"minecraft:torch":4,"minecraft:dirt":160,"minecraft:mutton":2,"minecraft:granite":3,"minecraft:obsidian":1,"minecraft:wooden_axe":58,"minecraft:iron_axe":200,"minecraft:golden_sword":14,"minecraft:beef":1,"minecraft:furnace":8,"minecraft:cooked_beef":6,"minecraft:cherry_log":1,"minecraft:cooked_mutton":7,"minecraft:stone_pickaxe":224,"minecraft:oak_planks":5,"minecraft:wooden_pickaxe":82,"minecraft:crafting_table":10,"minecraft:white_bed":2,"minecraft:apple":8,"minecraft:chicken":4,"minecraft:bread":23,"minecraft:iron_pickaxe":146,"minecraft:stone_axe":14,"minecraft:cobblestone":32,"minecraft:cooked_porkchop":13,"minecraft:porkchop":5},"minecraft:dropped":{"minecraft:wheat_seeds":1,"minecraft:cooked_beef":1,"minecraft:diamond":2,"minecraft:feather":4,"minecraft:leather":1,"minecraft:coal":1,"minecraft:gold_block":1,"minecraft:dirt":1,"minecraft:spruce_sapling":1,"minecraft:dandelion":1,"minecraft:bone":2,"minecraft:obsidian":2,"minecraft:poppy":1,"minecraft:wooden_pickaxe":2},"minecraft:crafted":{"minecraft:oak_planks":124,"minecraft:stone_shovel":3,"minecraft:cooked_chicken":4,"minecraft:furnace":3,"minecraft:cooked_mutton":8,"minecraft:flint_and_steel":1,"minecraft:iron_axe":1,"minecraft:stone_pickaxe":2,"minecraft:chest":1,"minecraft:wheat":72,"minecraft:cooked_beef":5,"minecraft:cooked_porkchop":15,"minecraft:crafting_table":4,"minecraft:spruce_planks":36,"minecraft:wooden_pickaxe":4,"minecraft:stone_axe":1,"minecraft:bread":14,"minecraft:stick":68,"minecraft:iron_ingot":10,"minecraft:iron_pickaxe":2,"minecraft:wooden_axe":3,"minecraft:white_bed":1,"minecraft:torch":28},"minecraft:broken":{"minecraft:flint_and_steel":1,"minecraft:wooden_pickaxe":1,"minecraft:stone_pickaxe":2,"minecraft:stone_shovel":1},"minecraft:custom":{"minecraft:mob_kills":30,"minecraft:interact_with_crafting_table":24,"minecraft:leave_game":1,"minecraft:time_since_death":2440,"minecraft:sprint_one_cm":828276,"minecraft:walk_one_cm":378975,"minecraft:drop":16,"minecraft:play_time":259282,"minecraft:deaths":7,"minecraft:sneak_time":449,"minecraft:walk_under_water_one_cm":10955,"minecraft:jump":4756,"minecraft:interact_with_brewingstand":1,"minecraft:walk_on_water_one_cm":37715,"minecraft:total_world_time":259282,"minecraft:interact_with_furnace":40,"minecraft:interact_with_cartography_table":1,"minecraft:sleep_in_bed":4,"minecraft:time_since_rest":2506,"minecraft:damage_taken":5206,"minecraft:damage_dealt":3387,"minecraft:swim_one_cm":44153,"minecraft:fly_one_cm":1036721,"minecraft:open_chest":39,"minecraft:crouch_one_cm":2035,"minecraft:interact_with_smoker":2,"minecraft:fall_one_cm":143876},"minecraft:picked_up":{"minecraft:wooden_axe":7,"minecraft:crafting_table":18,"minecraft:wheat":30,"minecraft:chicken":17,"minecraft:clay_ball":4,"minecraft:wooden_pickaxe":8,"minecraft:gold_block":1,"minecraft:string":3,"minecraft:flint_and_steel":2,"minecraft:spruce_planks":140,"minecraft:beef":4,"minecraft:poppy":1,"minecraft:iron_pickaxe":11,"minecraft:chest":2,"minecraft:furnace":9,"minecraft:stick":158,"minecraft:raw_iron":40,"minecraft:torch":144,"minecraft:fire_charge":2,"minecraft:porkchop":18,"minecraft:golden_axe":1,"minecraft:cherry_log":179,"minecraft:diorite":42,"minecraft:golden_chestplate":10,"minecraft:arrow":3,"minecraft:stone_shovel":11,"minecraft:hay_block":66,"minecraft:mutton":14,"minecraft:obsidian":3,"minecraft:cobblestone":260,"minecraft:white_wool":14,"minecraft:oxeye_daisy":1,"minecraft:pink_petals":445,"minecraft:feather":18,"minecraft:cooked_beef":2,"minecraft:andesite":2,"minecraft:leather":1,"minecraft:flint":1,"minecraft:oak_log":31,"minecraft:map":2,"minecraft:dirt":707,"minecraft:cooked_mutton":18,"minecraft:bone":2,"minecraft:apple":2,"minecraft:wheat_seeds":28,"minecraft:iron_ingot":15,"minecraft:cooked_chicken":1,"minecraft:oak_planks":92,"minecraft:stone_brick_slab":2,"minecraft:dandelion":1,"minecraft:gravel":24,"minecraft:spruce_sapling":1,"minecraft:ink_sac":1,"minecraft:white_bed":1,"minecraft:spruce_log":9,"minecraft:diamond":2,"minecraft:granite":3,"minecraft:cherry_sapling":14,"minecraft:bread":10,"minecraft:coal":531},"minecraft:mined":{"minecraft:white_bed":1,"minecraft:cherry_log":163,"minecraft:granite":3,"minecraft:grass_block":277,"minecraft:spruce_leaves":2,"minecraft:oxeye_daisy":1,"minecraft:hay_block":29,"minecraft:furnace":5,"minecraft:iron_ore":10,"minecraft:fire":5,"minecraft:andesite":2,"minecraft:stone":63,"minecraft:stone_brick_slab":1,"minecraft:dandelion":2,"minecraft:clay":1,"minecraft:crafting_table":8,"minecraft:poppy":1,"minecraft:chest":1,"minecraft:tall_grass":8,"minecraft:cobblestone":3,"minecraft:diorite":6,"minecraft:pink_petals":68,"minecraft:spruce_log":7,"minecraft:grass":123,"minecraft:oak_log":31,"minecraft:coal_ore":113,"minecraft:cherry_leaves":26,"minecraft:gravel":25,"minecraft:dirt":20,"minecraft:netherrack":3,"minecraft:oak_leaves":1},"minecraft:killed":{"minecraft:chicken":9,"minecraft:pig":7,"minecraft:squid":1,"minecraft:sheep":6,"minecraft:zombie":3,"minecraft:cow":2},"minecraft:killed_by":{"minecraft:creeper":3,"minecraft:skeleton":3}},"DataVersion":3465}