{"stats":{"minecraft:used":{"minecraft:flint_and_steel":8,"minecraft:stone_shovel":276,"minecraft:stone_pickaxe":224,"minecraft:wooden_pickaxe":43,"minecraft:torch":4,"minecraft:dirt":80,"minecraft:mutton":1,"minecraft:crafting_table":4,"minecraft:white_bed":1,"minecraft:granite":3,"minecraft:obsidian":1,"minecraft:wooden_axe":19,"minecraft:apple":8,"minecraft:bread":9,"minecraft:iron_pickaxe":78,"minecraft:cobblestone":32,"minecraft:beef":1,"minecraft:cooked_porkchop":10,"minecraft:furnace":2,"minecraft:porkchop":2,"minecraft:cooked_beef":4},"minecraft:dropped":{"minecraft:cooked_beef":1,"minecraft:diamond":2,"minecraft:obsidian":2,"minecraft:leather":1,"minecraft:gold_block":1,"minecraft:poppy":1,"minecraft:wooden_pickaxe":2,"minecraft:dandelion":1,"minecraft:bone":2},"minecraft:crafted":{"minecraft:cooked_beef":3,"minecraft:oak_planks":60,"minecraft:stone_shovel":2,"minecraft:cooked_porkchop":12,"minecraft:crafting_table":1,"minecraft:wooden_pickaxe":2,"minecraft:furnace":1,"minecraft:cooked_mutton":3,"minecraft:flint_and_steel":1,"minecraft:stick":40,"minecraft:iron_ingot":5,"minecraft:iron_pickaxe":1,"minecraft:stone_pickaxe":2,"minecraft:wooden_axe":1,"minecraft:torch":28},"minecraft:broken":{"minecraft:stone_pickaxe":2,"minecraft:stone_shovel":1,"minecraft:wooden_pickaxe":1},"minecraft:custom":{"minecraft:interact_with_furnace":8,"minecraft:mob_kills":11,"minecraft:interact_with_crafting_table":13,"minecraft:interact_with_cartography_table":1,"minecraft:time_since_death":135744,"minecraft:sleep_in_bed":1,"minecraft:time_since_rest":36017,"minecraft:sprint_one_cm":427092,"minecraft:damage_taken":1323,"minecraft:walk_one_cm":209286,"minecraft:drop":11,"minecraft:damage_dealt":1314,"minecraft:swim_one_cm":29398,"minecraft:fly_one_cm":481736,"minecraft:open_chest":13,"minecraft:crouch_one_cm":1231,"minecraft:play_time":135744,"minecraft:sneak_time":309,"minecraft:walk_under_water_one_cm":7886,"minecraft:interact_with_brewingstand":1,"minecraft:jump":2261,"minecraft:walk_on_water_one_cm":26209,"minecraft:total_world_time":135744,"minecraft:fall_one_cm":63386},"minecraft:picked_up":{"minecraft:pink_petals":201,"minecraft:crafting_table":3,"minecraft:cooked_beef":2,"minecraft:clay_ball":4,"minecraft:andesite":2,"minecraft:leather":1,"minecraft:wooden_pickaxe":1,"minecraft:gold_block":1,"minecraft:flint":1,"minecraft:oak_log":15,"minecraft:dirt":215,"minecraft:bone":2,"minecraft:apple":2,"minecraft:wheat_seeds":14,"minecraft:beef":4,"minecraft:poppy":1,"minecraft:chest":1,"minecraft:furnace":1,"minecraft:raw_iron":10,"minecraft:dandelion":1,"minecraft:gravel":24,"minecraft:porkchop":12,"minecraft:cherry_log":11,"minecraft:ink_sac":1,"minecraft:diorite":6,"minecraft:white_bed":1,"minecraft:arrow":1,"minecraft:diamond":2,"minecraft:hay_block":16,"minecraft:granite":3,"minecraft:cherry_sapling":4,"minecraft:obsidian":2,"minecraft:mutton":4,"minecraft:coal":68,"minecraft:white_wool":3,"minecraft:cobblestone":56,"minecraft:oxeye_daisy":1},"minecraft:mined":{"minecraft:white_bed":1,"minecraft:cherry_log":11,"minecraft:dandelion":2,"minecraft:clay":1,"minecraft:crafting_table":3,"minecraft:granite":3,"minecraft:grass_block":241,"minecraft:poppy":1,"minecraft:chest":1,"minecraft:cobblestone":3,"minecraft:diorite":6,"minecraft:oxeye_daisy":1,"minecraft:pink_petals":52,"minecraft:hay_block":16,"minecraft:furnace":1,"minecraft:iron_ore":10,"minecraft:fire":5,"minecraft:andesite":2,"minecraft:grass":86,"minecraft:oak_log":15,"minecraft:coal_ore":68,"minecraft:gravel":25,"minecraft:dirt":14,"minecraft:stone":53,"minecraft:oak_leaves":1},"minecraft:killed":{"minecraft:pig":4,"minecraft:squid":1,"minecraft:sheep":3,"minecraft:cow":2}},"DataVersion":3465}