{"stats":{"minecraft:used":{"minecraft:wooden_axe":6,"minecraft:apple":6,"minecraft:stone_pickaxe":193,"minecraft:wooden_pickaxe":43,"minecraft:dirt":9,"minecraft:cobblestone":23,"minecraft:mutton":1,"minecraft:beef":1,"minecraft:crafting_table":3,"minecraft:furnace":1,"minecraft:porkchop":2,"minecraft:cooked_beef":4,"minecraft:granite":3},"minecraft:dropped":{"minecraft:cooked_beef":1,"minecraft:diamond":2,"minecraft:wooden_pickaxe":2},"minecraft:crafted":{"minecraft:cooked_beef":3,"minecraft:oak_planks":60,"minecraft:crafting_table":1,"minecraft:stick":12,"minecraft:wooden_pickaxe":2,"minecraft:stone_pickaxe":2,"minecraft:wooden_axe":1,"minecraft:furnace":1},"minecraft:broken":{"minecraft:stone_pickaxe":1,"minecraft:wooden_pickaxe":1},"minecraft:custom":{"minecraft:time_since_rest":63744,"minecraft:interact_with_furnace":4,"minecraft:sprint_one_cm":173527,"minecraft:damage_taken":395,"minecraft:walk_one_cm":107599,"minecraft:mob_kills":9,"minecraft:drop":4,"minecraft:damage_dealt":930,"minecraft:interact_with_cartography_table":1,"minecraft:swim_one_cm":5115,"minecraft:interact_with_crafting_table":4,"minecraft:fly_one_cm":176453,"minecraft:open_chest":12,"minecraft:crouch_one_cm":1084,"minecraft:play_time":63744,"minecraft:sneak_time":178,"minecraft:walk_under_water_one_cm":860,"minecraft:jump":868,"minecraft:interact_with_brewingstand":1,"minecraft:time_since_death":63744,"minecraft:walk_on_water_one_cm":7102,"minecraft:total_world_time":63744,"minecraft:fall_one_cm":21708},"minecraft:picked_up":{"minecraft:raw_iron":5,"minecraft:crafting_table":3,"minecraft:cooked_beef":2,"minecraft:leather":1,"minecraft:wooden_pickaxe":1,"minecraft:dandelion":1,"minecraft:porkchop":12,"minecraft:oak_log":15,"minecraft:white_bed":1,"minecraft:dirt":9,"minecraft:bone":1,"minecraft:arrow":1,"minecraft:apple":2,"minecraft:diamond":2,"minecraft:wheat_seeds":7,"minecraft:hay_block":16,"minecraft:beef":4,"minecraft:granite":3,"minecraft:poppy":1,"minecraft:coal":38,"minecraft:mutton":4,"minecraft:furnace":1,"minecraft:white_wool":3,"minecraft:cobblestone":45,"minecraft:oxeye_daisy":1},"minecraft:mined":{"minecraft:hay_block":16,"minecraft:white_bed":1,"minecraft:furnace":1,"minecraft:iron_ore":5,"minecraft:dandelion":2,"minecraft:crafting_table":3,"minecraft:granite":3,"minecraft:grass":61,"minecraft:poppy":1,"minecraft:grass_block":3,"minecraft:coal_ore":38,"minecraft:oak_log":15,"minecraft:dirt":6,"minecraft:stone":45,"minecraft:oxeye_daisy":1,"minecraft:oak_leaves":1},"minecraft:killed":{"minecraft:sheep":3,"minecraft:pig":4,"minecraft:cow":2}},"DataVersion":3465}