{"stats":{"minecraft:used":{"minecraft:cherry_sapling":6,"minecraft:iron_shovel":984,"minecraft:flint_and_steel":136,"minecraft:stone_shovel":551,"minecraft:chest":3,"minecraft:shield":15,"minecraft:cooked_chicken":5,"minecraft:netherrack":10,"minecraft:torch":106,"minecraft:dirt":1010,"minecraft:mutton":2,"minecraft:granite":3,"minecraft:obsidian":1,"minecraft:wooden_axe":67,"minecraft:iron_axe":407,"minecraft:golden_sword":14,"minecraft:beef":1,"minecraft:furnace":10,"minecraft:cooked_beef":6,"minecraft:potato":4,"minecraft:pointed_dripstone":1,"minecraft:cherry_log":1,"minecraft:cooked_mutton":14,"minecraft:stone_pickaxe":396,"minecraft:baked_potato":72,"minecraft:oak_planks":5,"minecraft:wooden_pickaxe":127,"minecraft:crafting_table":12,"minecraft:white_bed":3,"minecraft:apple":8,"minecraft:chicken":4,"minecraft:bread":23,"minecraft:iron_pickaxe":632,"minecraft:stone_axe":14,"minecraft:pink_petals":5,"minecraft:cobblestone":124,"minecraft:porkchop":5,"minecraft:cooked_porkchop":19},"minecraft:dropped":{"minecraft:wheat_seeds":1,"minecraft:diamond_axe":1,"minecraft:cooked_beef":1,"minecraft:diamond":2,"minecraft:cobblestone":1,"minecraft:feather":4,"minecraft:lead":1,"minecraft:leather":1,"minecraft:coal":1,"minecraft:gold_block":1,"minecraft:dirt":1,"minecraft:spruce_sapling":1,"minecraft:dandelion":1,"minecraft:bone":2,"minecraft:obsidian":2,"minecraft:rotten_flesh":9,"minecraft:poppy":1,"minecraft:wooden_pickaxe":2,"minecraft:stone_pickaxe":3},"minecraft:crafted":{"minecraft:cherry_planks":256,"minecraft:oak_planks":172,"minecraft:stone_shovel":5,"minecraft:cherry_slab":18,"minecraft:cooked_chicken":4,"minecraft:furnace":5,"minecraft:cooked_mutton":15,"minecraft:flint_and_steel":2,"minecraft:iron_axe":3,"minecraft:stone_pickaxe":4,"minecraft:chest":2,"minecraft:wheat":72,"minecraft:cooked_beef":5,"minecraft:cooked_porkchop":24,"minecraft:crafting_table":4,"minecraft:spruce_planks":36,"minecraft:baked_potato":106,"minecraft:wooden_pickaxe":5,"minecraft:bucket":1,"minecraft:stone_axe":1,"minecraft:bread":14,"minecraft:shield":1,"minecraft:stick":128,"minecraft:iron_ingot":104,"minecraft:iron_pickaxe":5,"minecraft:wooden_axe":4,"minecraft:iron_shovel":4,"minecraft:white_bed":1,"minecraft:torch":148},"minecraft:broken":{"minecraft:iron_shovel":3,"minecraft:flint_and_steel":2,"minecraft:wooden_pickaxe":1,"minecraft:stone_pickaxe":3,"minecraft:iron_axe":1,"minecraft:iron_pickaxe":2,"minecraft:stone_shovel":2},"minecraft:custom":{"minecraft:mob_kills":62,"minecraft:interact_with_crafting_table":47,"minecraft:open_barrel":4,"minecraft:leave_game":10,"minecraft:time_since_death":51770,"minecraft:climb_one_cm":2604,"minecraft:sprint_one_cm":1773895,"minecraft:walk_one_cm":958494,"minecraft:damage_blocked_by_shield":425,"minecraft:drop":31,"minecraft:talked_to_villager":1,"minecraft:play_time":541402,"minecraft:deaths":11,"minecraft:sneak_time":545,"minecraft:walk_under_water_one_cm":19059,"minecraft:jump":9183,"minecraft:interact_with_brewingstand":1,"minecraft:walk_on_water_one_cm":56789,"minecraft:total_world_time":541402,"minecraft:interact_with_furnace":98,"minecraft:interact_with_cartography_table":1,"minecraft:sleep_in_bed":10,"minecraft:time_since_rest":51825,"minecraft:damage_taken":9264,"minecraft:damage_dealt":8612,"minecraft:swim_one_cm":54777,"minecraft:fly_one_cm":2003365,"minecraft:open_chest":95,"minecraft:crouch_one_cm":2650,"minecraft:interact_with_smoker":9,"minecraft:fall_one_cm":244087},"minecraft:picked_up":{"minecraft:wooden_axe":7,"minecraft:crafting_table":23,"minecraft:wheat":30,"minecraft:chicken":17,"minecraft:clay_ball":4,"minecraft:stone_slab":1,"minecraft:lead":2,"minecraft:wooden_pickaxe":8,"minecraft:gold_block":1,"minecraft:shield":1,"minecraft:cornflower":6,"minecraft:string":4,"minecraft:iron_axe":2,"minecraft:flint_and_steel":3,"minecraft:iron_shovel":1,"minecraft:spruce_planks":140,"minecraft:beef":7,"minecraft:poppy":3,"minecraft:iron_pickaxe":13,"minecraft:light_gray_wool":4,"minecraft:chest":2,"minecraft:furnace":11,"minecraft:egg":1,"minecraft:stick":176,"minecraft:raw_iron":134,"minecraft:torch":193,"minecraft:fire_charge":2,"minecraft:porkchop":27,"minecraft:golden_axe":1,"minecraft:cherry_log":316,"minecraft:pointed_dripstone":1,"minecraft:diorite":46,"minecraft:golden_chestplate":12,"minecraft:arrow":8,"minecraft:rotten_flesh":20,"minecraft:stone_shovel":12,"minecraft:hay_block":66,"minecraft:obsidian":3,"minecraft:mutton":21,"minecraft:cobblestone":416,"minecraft:white_wool":18,"minecraft:oxeye_daisy":1,"minecraft:pink_petals":1874,"minecraft:feather":18,"minecraft:cooked_beef":2,"minecraft:andesite":7,"minecraft:leather":2,"minecraft:potato":7,"minecraft:flint":1,"minecraft:oak_log":48,"minecraft:gunpowder":1,"minecraft:map":2,"minecraft:dirt":1829,"minecraft:cooked_mutton":24,"minecraft:bone":7,"minecraft:apple":2,"minecraft:wheat_seeds":77,"minecraft:cooked_chicken":1,"minecraft:stone_pickaxe":2,"minecraft:iron_ingot":91,"minecraft:oak_planks":98,"minecraft:cooked_porkchop":4,"minecraft:stone_brick_slab":3,"minecraft:dandelion":5,"minecraft:gravel":24,"minecraft:spruce_sapling":1,"minecraft:ink_sac":1,"minecraft:white_bed":2,"minecraft:spruce_log":9,"minecraft:mossy_stone_brick_slab":1,"minecraft:spider_eye":3,"minecraft:diamond":2,"minecraft:granite":23,"minecraft:cherry_sapling":22,"minecraft:bread":10,"minecraft:baked_potato":1,"minecraft:oak_sapling":2,"minecraft:netherrack":10,"minecraft:coal":817},"minecraft:mined":{"minecraft:white_bed":2,"minecraft:mossy_stone_brick_slab":1,"minecraft:cherry_log":275,"minecraft:granite":13,"minecraft:grass_block":889,"minecraft:spruce_leaves":2,"minecraft:oxeye_daisy":1,"minecraft:hay_block":29,"minecraft:magma_block":1,"minecraft:furnace":6,"minecraft:iron_ore":104,"minecraft:fire":6,"minecraft:andesite":5,"minecraft:gold_block":1,"minecraft:pointed_dripstone":1,"minecraft:dirt_path":5,"minecraft:packed_ice":1,"minecraft:stone":183,"minecraft:stone_brick_slab":5,"minecraft:dandelion":4,"minecraft:clay":1,"minecraft:crafting_table":11,"minecraft:cornflower":3,"minecraft:torch":8,"minecraft:poppy":2,"minecraft:chest":1,"minecraft:stone_slab":1,"minecraft:tall_grass":21,"minecraft:cobblestone":16,"minecraft:diorite":10,"minecraft:pink_petals":460,"minecraft:spruce_log":7,"minecraft:grass":252,"minecraft:oak_log":42,"minecraft:coal_ore":286,"minecraft:cherry_leaves":45,"minecraft:gravel":25,"minecraft:dirt":527,"minecraft:netherrack":21,"minecraft:oak_leaves":1},"minecraft:killed":{"minecraft:spider":4,"minecraft:skeleton":4,"minecraft:chicken":9,"minecraft:pig":11,"minecraft:wandering_trader":1,"minecraft:squid":1,"minecraft:sheep":10,"minecraft:zombie":13,"minecraft:cow":3},"minecraft:killed_by":{"minecraft:creeper":4,"minecraft:skeleton":3,"minecraft:zombie":3}},"DataVersion":3465}