{"stats":{"minecraft:used":{"minecraft:water_bucket":5,"minecraft:diorite":17,"minecraft:stone_sword":248,"minecraft:stone_pickaxe":394,"minecraft:baked_potato":22,"minecraft:shield":47,"minecraft:wooden_pickaxe":8,"minecraft:rotten_flesh":10,"minecraft:torch":61,"minecraft:dirt":11,"minecraft:crafting_table":5,"minecraft:lava_bucket":2,"minecraft:iron_pickaxe":71,"minecraft:gravel":2,"minecraft:cobblestone":15,"minecraft:furnace":3,"minecraft:oak_sapling":5,"minecraft:andesite":4,"minecraft:bucket":9,"minecraft:potato":15},"minecraft:dropped":{"minecraft:gravel":1,"minecraft:oak_fence":1,"minecraft:andesite":5,"minecraft:spider_eye":1,"minecraft:wooden_pickaxe":1},"minecraft:crafted":{"minecraft:oak_planks":44,"minecraft:crafting_table":1,"minecraft:iron_helmet":1,"minecraft:wooden_pickaxe":1,"minecraft:baked_potato":40,"minecraft:furnace":1,"minecraft:bucket":2,"minecraft:air":0,"minecraft:iron_boots":1,"minecraft:iron_chestplate":1,"minecraft:charcoal":6,"minecraft:shield":1,"minecraft:stick":12,"minecraft:iron_ingot":94,"minecraft:iron_pickaxe":1,"minecraft:stone_pickaxe":3,"minecraft:stone_sword":2,"minecraft:iron_leggings":1,"minecraft:torch":4,"minecraft:shears":1},"minecraft:broken":{"minecraft:stone_pickaxe":3,"minecraft:stone_sword":1},"minecraft:custom":{"minecraft:interact_with_furnace":43,"minecraft:mob_kills":50,"minecraft:interact_with_crafting_table":19,"minecraft:time_since_death":82223,"minecraft:sleep_in_bed":1,"minecraft:climb_one_cm":3170,"minecraft:time_since_rest":66040,"minecraft:sprint_one_cm":212911,"minecraft:damage_taken":1096,"minecraft:walk_one_cm":143395,"minecraft:damage_blocked_by_shield":1385,"minecraft:drop":8,"minecraft:damage_dealt":9118,"minecraft:swim_one_cm":4915,"minecraft:fly_one_cm":206974,"minecraft:open_chest":3,"minecraft:crouch_one_cm":12860,"minecraft:play_time":82223,"minecraft:sneak_time":5706,"minecraft:walk_under_water_one_cm":4727,"minecraft:jump":1324,"minecraft:walk_on_water_one_cm":15352,"minecraft:total_world_time":82223,"minecraft:fall_one_cm":23150},"minecraft:picked_up":{"minecraft:crafting_table":5,"minecraft:andesite":9,"minecraft:potato":56,"minecraft:oak_log":17,"minecraft:gunpowder":2,"minecraft:lapis_lazuli":4,"minecraft:dirt":11,"minecraft:string":19,"minecraft:bone":10,"minecraft:bow":1,"minecraft:iron_ingot":1,"minecraft:oak_planks":2,"minecraft:furnace":2,"minecraft:stick":2,"minecraft:raw_iron":115,"minecraft:oak_fence":1,"minecraft:torch":11,"minecraft:gravel":3,"minecraft:diorite":17,"minecraft:spider_eye":1,"minecraft:arrow":10,"minecraft:rotten_flesh":36,"minecraft:oak_sapling":5,"minecraft:coal":78,"minecraft:cobblestone":276},"minecraft:mined":{"minecraft:oak_sapling":2,"minecraft:crafting_table":5,"minecraft:torch":2,"minecraft:grass_block":1,"minecraft:cobblestone":1,"minecraft:lapis_ore":1,"minecraft:diorite":16,"minecraft:wall_torch":6,"minecraft:furnace":2,"minecraft:iron_ore":116,"minecraft:andesite":7,"minecraft:grass":4,"minecraft:oak_log":17,"minecraft:potatoes":15,"minecraft:coal_ore":78,"minecraft:gravel":3,"minecraft:dirt":10,"minecraft:cobweb":12,"minecraft:stone":250,"minecraft:oak_leaves":2},"minecraft:killed":{"minecraft:spider":6,"minecraft:creeper":1,"minecraft:skeleton":10,"minecraft:zombie":29,"minecraft:stray":1}},"DataVersion":3465}