{"stats":{"minecraft:crafted":{"minecraft:crafting_table":1,"minecraft:oak_planks":44,"minecraft:stick":12},"minecraft:custom":{"minecraft:jump":46,"minecraft:time_since_rest":4223,"minecraft:damage_taken":10,"minecraft:crouch_one_cm":6,"minecraft:sprint_one_cm":7105,"minecraft:play_time":4223,"minecraft:time_since_death":4223,"minecraft:walk_one_cm":3396,"minecraft:sneak_time":15,"minecraft:total_world_time":4223,"minecraft:fall_one_cm":418,"minecraft:fly_one_cm":14164},"minecraft:picked_up":{"minecraft:oak_log":11},"minecraft:mined":{"minecraft:oak_log":11,"minecraft:oak_leaves":1}},"DataVersion":3465}