{"stats":{"minecraft:used":{"minecraft:stone_sword":32,"minecraft:stone_pickaxe":281,"minecraft:baked_potato":8,"minecraft:wooden_pickaxe":8,"minecraft:torch":7,"minecraft:dirt":11,"minecraft:crafting_table":3,"minecraft:oak_sapling":5,"minecraft:furnace":2,"minecraft:potato":15},"minecraft:crafted":{"minecraft:oak_planks":44,"minecraft:charcoal":6,"minecraft:shield":1,"minecraft:crafting_table":1,"minecraft:stick":12,"minecraft:iron_ingot":3,"minecraft:wooden_pickaxe":1,"minecraft:baked_potato":40,"minecraft:stone_pickaxe":3,"minecraft:stone_sword":1,"minecraft:furnace":1,"minecraft:torch":4,"minecraft:air":0},"minecraft:broken":{"minecraft:stone_pickaxe":2},"minecraft:custom":{"minecraft:time_since_rest":30040,"minecraft:interact_with_furnace":20,"minecraft:sprint_one_cm":97029,"minecraft:damage_taken":215,"minecraft:walk_one_cm":60110,"minecraft:mob_kills":5,"minecraft:damage_dealt":1039,"minecraft:swim_one_cm":4915,"minecraft:interact_with_crafting_table":7,"minecraft:fly_one_cm":117212,"minecraft:open_chest":3,"minecraft:crouch_one_cm":7257,"minecraft:play_time":46223,"minecraft:sneak_time":3615,"minecraft:walk_under_water_one_cm":1421,"minecraft:jump":620,"minecraft:walk_on_water_one_cm":2218,"minecraft:time_since_death":46223,"minecraft:sleep_in_bed":1,"minecraft:climb_one_cm":3170,"minecraft:total_world_time":46223,"minecraft:fall_one_cm":10124},"minecraft:picked_up":{"minecraft:raw_iron":17,"minecraft:stick":2,"minecraft:crafting_table":2,"minecraft:andesite":6,"minecraft:torch":4,"minecraft:potato":55,"minecraft:gravel":1,"minecraft:oak_log":17,"minecraft:diorite":13,"minecraft:string":3,"minecraft:dirt":11,"minecraft:bone":1,"minecraft:rotten_flesh":4,"minecraft:oak_sapling":5,"minecraft:coal":26,"minecraft:cobblestone":224,"minecraft:furnace":1},"minecraft:mined":{"minecraft:oak_sapling":2,"minecraft:furnace":1,"minecraft:iron_ore":17,"minecraft:andesite":6,"minecraft:crafting_table":2,"minecraft:grass":4,"minecraft:coal_ore":26,"minecraft:potatoes":15,"minecraft:grass_block":1,"minecraft:oak_log":17,"minecraft:gravel":1,"minecraft:dirt":10,"minecraft:cobweb":3,"minecraft:stone":224,"minecraft:diorite":13,"minecraft:oak_leaves":2,"minecraft:wall_torch":4},"minecraft:killed":{"minecraft:zombie":4,"minecraft:stray":1}},"DataVersion":3465}