{"stats":{"minecraft:used":{"minecraft:diorite":7,"minecraft:stone_sword":123,"minecraft:stone_pickaxe":332,"minecraft:baked_potato":13,"minecraft:shield":14,"minecraft:wooden_pickaxe":8,"minecraft:rotten_flesh":3,"minecraft:torch":16,"minecraft:dirt":11,"minecraft:crafting_table":5,"minecraft:cobblestone":3,"minecraft:furnace":3,"minecraft:oak_sapling":5,"minecraft:andesite":4,"minecraft:bucket":1,"minecraft:potato":15},"minecraft:dropped":{"minecraft:oak_fence":1,"minecraft:andesite":3},"minecraft:crafted":{"minecraft:oak_planks":44,"minecraft:crafting_table":1,"minecraft:wooden_pickaxe":1,"minecraft:baked_potato":40,"minecraft:furnace":1,"minecraft:bucket":1,"minecraft:air":0,"minecraft:iron_boots":1,"minecraft:iron_chestplate":1,"minecraft:charcoal":6,"minecraft:shield":1,"minecraft:stick":12,"minecraft:iron_ingot":22,"minecraft:iron_pickaxe":1,"minecraft:stone_pickaxe":3,"minecraft:stone_sword":1,"minecraft:iron_leggings":1,"minecraft:torch":4},"minecraft:broken":{"minecraft:stone_pickaxe":2},"minecraft:custom":{"minecraft:interact_with_furnace":27,"minecraft:mob_kills":21,"minecraft:interact_with_crafting_table":13,"minecraft:time_since_death":58223,"minecraft:sleep_in_bed":1,"minecraft:climb_one_cm":3170,"minecraft:time_since_rest":42040,"minecraft:sprint_one_cm":136956,"minecraft:damage_taken":543,"minecraft:walk_one_cm":89724,"minecraft:damage_blocked_by_shield":375,"minecraft:drop":3,"minecraft:damage_dealt":4352,"minecraft:swim_one_cm":4915,"minecraft:fly_one_cm":126337,"minecraft:open_chest":3,"minecraft:crouch_one_cm":9194,"minecraft:play_time":58223,"minecraft:sneak_time":4399,"minecraft:walk_under_water_one_cm":1421,"minecraft:jump":759,"minecraft:walk_on_water_one_cm":3591,"minecraft:total_world_time":58223,"minecraft:fall_one_cm":11209},"minecraft:picked_up":{"minecraft:crafting_table":4,"minecraft:andesite":8,"minecraft:potato":55,"minecraft:oak_log":17,"minecraft:dirt":11,"minecraft:string":13,"minecraft:bone":3,"minecraft:oak_planks":2,"minecraft:furnace":2,"minecraft:stick":2,"minecraft:raw_iron":45,"minecraft:oak_fence":1,"minecraft:torch":7,"minecraft:gravel":1,"minecraft:diorite":17,"minecraft:arrow":3,"minecraft:rotten_flesh":16,"minecraft:oak_sapling":5,"minecraft:coal":43,"minecraft:cobblestone":229},"minecraft:mined":{"minecraft:oak_sapling":2,"minecraft:crafting_table":4,"minecraft:torch":1,"minecraft:grass_block":1,"minecraft:cobblestone":1,"minecraft:diorite":16,"minecraft:wall_torch":6,"minecraft:furnace":2,"minecraft:iron_ore":45,"minecraft:andesite":6,"minecraft:grass":4,"minecraft:oak_log":17,"minecraft:potatoes":15,"minecraft:coal_ore":43,"minecraft:gravel":1,"minecraft:dirt":10,"minecraft:cobweb":12,"minecraft:stone":225,"minecraft:oak_leaves":2},"minecraft:killed":{"minecraft:spider":1,"minecraft:skeleton":4,"minecraft:zombie":15,"minecraft:stray":1}},"DataVersion":3465}