{"stats":{"minecraft:used":{"minecraft:water_bucket":3,"minecraft:diorite":12,"minecraft:stone_sword":237,"minecraft:stone_pickaxe":380,"minecraft:baked_potato":20,"minecraft:shield":46,"minecraft:wooden_pickaxe":8,"minecraft:rotten_flesh":6,"minecraft:torch":59,"minecraft:dirt":11,"minecraft:crafting_table":5,"minecraft:cobblestone":3,"minecraft:furnace":3,"minecraft:oak_sapling":5,"minecraft:andesite":4,"minecraft:bucket":4,"minecraft:potato":15},"minecraft:dropped":{"minecraft:oak_fence":1,"minecraft:andesite":3},"minecraft:crafted":{"minecraft:oak_planks":44,"minecraft:crafting_table":1,"minecraft:iron_helmet":1,"minecraft:wooden_pickaxe":1,"minecraft:baked_potato":40,"minecraft:furnace":1,"minecraft:bucket":1,"minecraft:air":0,"minecraft:iron_boots":1,"minecraft:iron_chestplate":1,"minecraft:charcoal":6,"minecraft:shield":1,"minecraft:stick":12,"minecraft:iron_ingot":54,"minecraft:iron_pickaxe":1,"minecraft:stone_pickaxe":3,"minecraft:stone_sword":2,"minecraft:iron_leggings":1,"minecraft:torch":4},"minecraft:broken":{"minecraft:stone_pickaxe":2,"minecraft:stone_sword":1},"minecraft:custom":{"minecraft:interact_with_furnace":32,"minecraft:mob_kills":48,"minecraft:interact_with_crafting_table":16,"minecraft:time_since_death":70223,"minecraft:sleep_in_bed":1,"minecraft:climb_one_cm":3170,"minecraft:time_since_rest":54040,"minecraft:sprint_one_cm":182431,"minecraft:damage_taken":1011,"minecraft:walk_one_cm":125254,"minecraft:damage_blocked_by_shield":1375,"minecraft:drop":3,"minecraft:damage_dealt":8717,"minecraft:swim_one_cm":4915,"minecraft:fly_one_cm":167965,"minecraft:open_chest":3,"minecraft:crouch_one_cm":11490,"minecraft:play_time":70223,"minecraft:sneak_time":5015,"minecraft:walk_under_water_one_cm":2366,"minecraft:jump":1056,"minecraft:walk_on_water_one_cm":8471,"minecraft:total_world_time":70223,"minecraft:fall_one_cm":16933},"minecraft:picked_up":{"minecraft:crafting_table":4,"minecraft:andesite":8,"minecraft:potato":56,"minecraft:oak_log":17,"minecraft:gunpowder":1,"minecraft:dirt":11,"minecraft:string":19,"minecraft:bone":10,"minecraft:bow":1,"minecraft:iron_ingot":1,"minecraft:oak_planks":2,"minecraft:furnace":2,"minecraft:stick":2,"minecraft:raw_iron":87,"minecraft:oak_fence":1,"minecraft:torch":11,"minecraft:gravel":1,"minecraft:diorite":17,"minecraft:spider_eye":1,"minecraft:arrow":10,"minecraft:rotten_flesh":34,"minecraft:oak_sapling":5,"minecraft:coal":46,"minecraft:cobblestone":253},"minecraft:mined":{"minecraft:oak_sapling":2,"minecraft:crafting_table":4,"minecraft:torch":2,"minecraft:grass_block":1,"minecraft:cobblestone":1,"minecraft:diorite":16,"minecraft:wall_torch":6,"minecraft:furnace":2,"minecraft:iron_ore":88,"minecraft:andesite":6,"minecraft:grass":4,"minecraft:oak_log":17,"minecraft:potatoes":15,"minecraft:coal_ore":46,"minecraft:gravel":1,"minecraft:dirt":10,"minecraft:cobweb":12,"minecraft:stone":227,"minecraft:oak_leaves":2},"minecraft:killed":{"minecraft:spider":6,"minecraft:creeper":1,"minecraft:skeleton":10,"minecraft:zombie":27,"minecraft:stray":1}},"DataVersion":3465}