{"stats":{"minecraft:used":{"minecraft:water_bucket":8,"minecraft:diorite":17,"minecraft:stone_sword":421,"minecraft:cobblestone_stairs":10,"minecraft:stone_pickaxe":394,"minecraft:baked_potato":34,"minecraft:chest":3,"minecraft:shield":53,"minecraft:wooden_pickaxe":8,"minecraft:rotten_flesh":16,"minecraft:oak_door":2,"minecraft:torch":108,"minecraft:golden_apple":1,"minecraft:dirt":38,"minecraft:crafting_table":8,"minecraft:wooden_hoe":1,"minecraft:lava_bucket":16,"minecraft:iron_pickaxe":173,"minecraft:spruce_pressure_plate":4,"minecraft:gravel":2,"minecraft:stone_axe":53,"minecraft:cobblestone":206,"minecraft:furnace":4,"minecraft:oak_sapling":5,"minecraft:andesite":4,"minecraft:bucket":26,"minecraft:potato":16},"minecraft:dropped":{"minecraft:gravel":1,"minecraft:oak_fence":1,"minecraft:rail":1,"minecraft:andesite":5,"minecraft:spider_eye":1,"minecraft:spruce_log":1,"minecraft:bow":1,"minecraft:wooden_pickaxe":1},"minecraft:crafted":{"minecraft:oak_door":3,"minecraft:oak_planks":44,"minecraft:crafting_table":1,"minecraft:spruce_planks":48,"minecraft:iron_helmet":1,"minecraft:wooden_pickaxe":1,"minecraft:baked_potato":40,"minecraft:furnace":1,"minecraft:cobblestone_stairs":4,"minecraft:bucket":2,"minecraft:stone_axe":1,"minecraft:spruce_pressure_plate":2,"minecraft:air":0,"minecraft:iron_boots":1,"minecraft:iron_chestplate":1,"minecraft:wooden_hoe":1,"minecraft:charcoal":6,"minecraft:shield":1,"minecraft:stick":16,"minecraft:iron_ingot":122,"minecraft:iron_pickaxe":1,"minecraft:stone_pickaxe":3,"minecraft:stone_sword":4,"minecraft:chest":2,"minecraft:iron_leggings":1,"minecraft:torch":4,"minecraft:shears":1},"minecraft:broken":{"minecraft:stone_pickaxe":3,"minecraft:stone_sword":3},"minecraft:custom":{"minecraft:interact_with_furnace":51,"minecraft:mob_kills":78,"minecraft:interact_with_crafting_table":29,"minecraft:time_since_death":118223,"minecraft:sleep_in_bed":1,"minecraft:climb_one_cm":3170,"minecraft:time_since_rest":102040,"minecraft:sprint_one_cm":388574,"minecraft:damage_absorbed":41,"minecraft:damage_taken":1611,"minecraft:walk_one_cm":269953,"minecraft:damage_blocked_by_shield":1760,"minecraft:drop":11,"minecraft:damage_dealt":12961,"minecraft:swim_one_cm":4915,"minecraft:fly_one_cm":307296,"minecraft:open_chest":7,"minecraft:crouch_one_cm":17672,"minecraft:play_time":118223,"minecraft:sneak_time":6949,"minecraft:walk_under_water_one_cm":4771,"minecraft:jump":1916,"minecraft:walk_on_water_one_cm":15591,"minecraft:total_world_time":118223,"minecraft:fall_one_cm":29192},"minecraft:picked_up":{"minecraft:nautilus_shell":1,"minecraft:crafting_table":7,"minecraft:andesite":10,"minecraft:potato":56,"minecraft:oak_log":17,"minecraft:gunpowder":4,"minecraft:cobblestone_stairs":6,"minecraft:lapis_lazuli":22,"minecraft:dirt":43,"minecraft:string":81,"minecraft:bone":20,"minecraft:bow":2,"minecraft:iron_ingot":1,"minecraft:chest":1,"minecraft:oak_planks":4,"minecraft:furnace":3,"minecraft:spruce_pressure_plate":2,"minecraft:stick":6,"minecraft:raw_iron":122,"minecraft:oak_fence":1,"minecraft:torch":14,"minecraft:gravel":3,"minecraft:spruce_sapling":11,"minecraft:diorite":17,"minecraft:spruce_log":43,"minecraft:spider_eye":4,"minecraft:arrow":16,"minecraft:rotten_flesh":59,"minecraft:oak_sapling":5,"minecraft:coal":84,"minecraft:rail":1,"minecraft:cobblestone":351},"minecraft:mined":{"minecraft:oak_sapling":2,"minecraft:cobblestone_stairs":6,"minecraft:crafting_table":7,"minecraft:torch":4,"minecraft:grass_block":1,"minecraft:chest":1,"minecraft:cobblestone":26,"minecraft:spruce_leaves":15,"minecraft:lapis_ore":4,"minecraft:diorite":16,"minecraft:wall_torch":6,"minecraft:spawner":3,"minecraft:furnace":3,"minecraft:iron_ore":123,"minecraft:spruce_log":42,"minecraft:andesite":8,"minecraft:grass":5,"minecraft:oak_log":17,"minecraft:potatoes":15,"minecraft:coal_ore":84,"minecraft:spruce_pressure_plate":2,"minecraft:gravel":8,"minecraft:dirt":29,"minecraft:cobweb":74,"minecraft:stone":300,"minecraft:oak_leaves":2,"minecraft:fern":1},"minecraft:killed":{"minecraft:cave_spider":3,"minecraft:witch":1,"minecraft:spider":7,"minecraft:creeper":1,"minecraft:skeleton":13,"minecraft:zombie":37,"minecraft:stray":1}},"DataVersion":3465}