{"stats":{"minecraft:used":{"minecraft:stone_sword":431,"minecraft:chest":5,"minecraft:shield":53,"minecraft:rotten_flesh":25,"minecraft:oak_door":2,"minecraft:torch":126,"minecraft:dirt":38,"minecraft:lava_bucket":24,"minecraft:bow":3,"minecraft:oak_sapling":5,"minecraft:furnace":6,"minecraft:potato":33,"minecraft:cobbled_deepslate":41,"minecraft:water_bucket":14,"minecraft:diorite":17,"minecraft:cobblestone_stairs":10,"minecraft:stone_pickaxe":852,"minecraft:baked_potato":46,"minecraft:wooden_pickaxe":8,"minecraft:cobblestone_slab":4,"minecraft:golden_apple":1,"minecraft:crafting_table":11,"minecraft:white_bed":1,"minecraft:wooden_hoe":9,"minecraft:iron_pickaxe":736,"minecraft:spruce_pressure_plate":4,"minecraft:gravel":2,"minecraft:stone_axe":89,"minecraft:crimson_fungus":4,"minecraft:cobblestone":237,"minecraft:bucket":41,"minecraft:andesite":4,"minecraft:bone_meal":24},"minecraft:dropped":{"minecraft:crafting_table":1,"minecraft:poisonous_potato":1,"minecraft:oak_fence":1,"minecraft:warped_roots":2,"minecraft:granite":9,"minecraft:rail":1,"minecraft:dirt":5,"minecraft:gravel":46,"minecraft:cobbled_deepslate":267,"minecraft:tuff":36,"minecraft:andesite":15,"minecraft:spider_eye":1,"minecraft:spruce_log":1,"minecraft:bow":1,"minecraft:wooden_pickaxe":1,"minecraft:warped_wart_block":2},"minecraft:crafted":{"minecraft:oak_door":3,"minecraft:oak_planks":44,"minecraft:cobblestone_slab":6,"minecraft:furnace":3,"minecraft:cobblestone_stairs":4,"minecraft:bone_meal":24,"minecraft:spruce_pressure_plate":2,"minecraft:iron_boots":1,"minecraft:stone_pickaxe":7,"minecraft:chest":4,"minecraft:crafting_table":2,"minecraft:spruce_planks":48,"minecraft:baked_potato":63,"minecraft:wooden_pickaxe":1,"minecraft:iron_helmet":1,"minecraft:bucket":3,"minecraft:stone_axe":1,"minecraft:air":0,"minecraft:iron_chestplate":1,"minecraft:white_wool":3,"minecraft:wooden_hoe":1,"minecraft:charcoal":6,"minecraft:shield":1,"minecraft:stick":28,"minecraft:iron_ingot":135,"minecraft:iron_pickaxe":3,"minecraft:stone_sword":4,"minecraft:iron_leggings":1,"minecraft:gold_ingot":17,"minecraft:white_bed":1,"minecraft:torch":16,"minecraft:shears":1},"minecraft:broken":{"minecraft:stone_sword":3,"minecraft:stone_pickaxe":6,"minecraft:iron_pickaxe":2},"minecraft:custom":{"minecraft:mob_kills":81,"minecraft:interact_with_crafting_table":48,"minecraft:leave_game":1,"minecraft:time_since_death":220896,"minecraft:climb_one_cm":3653,"minecraft:sprint_one_cm":534790,"minecraft:walk_one_cm":392352,"minecraft:damage_blocked_by_shield":1760,"minecraft:drop":32,"minecraft:play_time":220896,"minecraft:sneak_time":11333,"minecraft:walk_under_water_one_cm":16697,"minecraft:jump":3100,"minecraft:walk_on_water_one_cm":22689,"minecraft:total_world_time":220896,"minecraft:interact_with_furnace":80,"minecraft:sleep_in_bed":3,"minecraft:time_since_rest":648,"minecraft:damage_taken":2008,"minecraft:damage_absorbed":41,"minecraft:damage_dealt":13272,"minecraft:fly_one_cm":489748,"minecraft:swim_one_cm":21716,"minecraft:open_chest":42,"minecraft:crouch_one_cm":28666,"minecraft:fall_one_cm":46253},"minecraft:picked_up":{"minecraft:crafting_table":10,"minecraft:string":81,"minecraft:shroomlight":3,"minecraft:cobbled_deepslate":681,"minecraft:cobblestone_slab":4,"minecraft:chest":1,"minecraft:furnace":3,"minecraft:spruce_pressure_plate":2,"minecraft:stick":6,"minecraft:raw_iron":135,"minecraft:oak_fence":1,"minecraft:torch":25,"minecraft:diorite":17,"minecraft:carrot":25,"minecraft:redstone":178,"minecraft:arrow":16,"minecraft:rotten_flesh":63,"minecraft:rail":1,"minecraft:cobblestone":524,"minecraft:nautilus_shell":1,"minecraft:andesite":19,"minecraft:potato":157,"minecraft:flint":1,"minecraft:crimson_fungus":4,"minecraft:tuff":36,"minecraft:oak_log":17,"minecraft:gunpowder":4,"minecraft:cobblestone_stairs":6,"minecraft:dirt":43,"minecraft:lapis_lazuli":22,"minecraft:bone":20,"minecraft:bow":2,"minecraft:raw_gold":17,"minecraft:warped_stem":32,"minecraft:iron_ingot":1,"minecraft:oak_planks":4,"minecraft:quartz":35,"minecraft:warped_wart_block":2,"minecraft:poisonous_potato":2,"minecraft:gravel":48,"minecraft:spruce_sapling":11,"minecraft:spruce_log":43,"minecraft:spider_eye":4,"minecraft:diamond":14,"minecraft:granite":9,"minecraft:warped_roots":2,"minecraft:oak_sapling":5,"minecraft:netherrack":7,"minecraft:coal":104},"minecraft:mined":{"minecraft:tuff":35,"minecraft:oak_sapling":2,"minecraft:deepslate_diamond_ore":14,"minecraft:cobblestone_stairs":6,"minecraft:granite":9,"minecraft:grass_block":1,"minecraft:spruce_leaves":15,"minecraft:crimson_fungus":4,"minecraft:spawner":3,"minecraft:furnace":3,"minecraft:carrots":7,"minecraft:iron_ore":123,"minecraft:andesite":16,"minecraft:potatoes":42,"minecraft:shroomlight":3,"minecraft:deepslate_iron_ore":13,"minecraft:cobblestone_slab":4,"minecraft:spruce_pressure_plate":2,"minecraft:warped_stem":32,"minecraft:stone":469,"minecraft:deepslate_redstone_ore":40,"minecraft:crafting_table":9,"minecraft:torch":15,"minecraft:warped_roots":1,"minecraft:chest":1,"minecraft:nether_quartz_ore":40,"minecraft:cobblestone":31,"minecraft:lapis_ore":4,"minecraft:deepslate_gold_ore":17,"minecraft:diorite":16,"minecraft:wall_torch":6,"minecraft:warped_wart_block":2,"minecraft:spruce_log":42,"minecraft:grass":5,"minecraft:coal_ore":104,"minecraft:oak_log":17,"minecraft:gravel":37,"minecraft:dirt":29,"minecraft:cobweb":74,"minecraft:netherrack":7,"minecraft:oak_leaves":2,"minecraft:deepslate":636,"minecraft:fern":1},"minecraft:killed":{"minecraft:cave_spider":3,"minecraft:witch":1,"minecraft:spider":7,"minecraft:skeleton":13,"minecraft:creeper":2,"minecraft:zombie":39,"minecraft:stray":1}},"DataVersion":3465}