{"stats":{"minecraft:used":{"minecraft:water_bucket":7,"minecraft:diorite":17,"minecraft:stone_sword":364,"minecraft:stone_pickaxe":394,"minecraft:baked_potato":27,"minecraft:shield":51,"minecraft:wooden_pickaxe":8,"minecraft:rotten_flesh":12,"minecraft:torch":79,"minecraft:golden_apple":1,"minecraft:dirt":11,"minecraft:crafting_table":7,"minecraft:lava_bucket":12,"minecraft:iron_pickaxe":93,"minecraft:gravel":2,"minecraft:cobblestone":41,"minecraft:furnace":3,"minecraft:oak_sapling":5,"minecraft:andesite":4,"minecraft:bucket":21,"minecraft:potato":15},"minecraft:dropped":{"minecraft:gravel":1,"minecraft:oak_fence":1,"minecraft:rail":1,"minecraft:andesite":5,"minecraft:spider_eye":1,"minecraft:bow":1,"minecraft:wooden_pickaxe":1},"minecraft:crafted":{"minecraft:oak_planks":44,"minecraft:crafting_table":1,"minecraft:iron_helmet":1,"minecraft:wooden_pickaxe":1,"minecraft:baked_potato":40,"minecraft:furnace":1,"minecraft:bucket":2,"minecraft:air":0,"minecraft:iron_boots":1,"minecraft:iron_chestplate":1,"minecraft:charcoal":6,"minecraft:shield":1,"minecraft:stick":16,"minecraft:iron_ingot":115,"minecraft:iron_pickaxe":1,"minecraft:stone_pickaxe":3,"minecraft:stone_sword":4,"minecraft:iron_leggings":1,"minecraft:torch":4,"minecraft:shears":1},"minecraft:broken":{"minecraft:stone_pickaxe":3,"minecraft:stone_sword":3},"minecraft:custom":{"minecraft:interact_with_furnace":44,"minecraft:mob_kills":62,"minecraft:interact_with_crafting_table":22,"minecraft:time_since_death":94223,"minecraft:sleep_in_bed":1,"minecraft:climb_one_cm":3170,"minecraft:time_since_rest":78040,"minecraft:sprint_one_cm":282004,"minecraft:damage_absorbed":41,"minecraft:damage_taken":1396,"minecraft:walk_one_cm":177320,"minecraft:damage_blocked_by_shield":1600,"minecraft:drop":10,"minecraft:damage_dealt":11048,"minecraft:swim_one_cm":4915,"minecraft:fly_one_cm":220167,"minecraft:open_chest":3,"minecraft:crouch_one_cm":13093,"minecraft:play_time":94223,"minecraft:sneak_time":5917,"minecraft:walk_under_water_one_cm":4771,"minecraft:jump":1453,"minecraft:walk_on_water_one_cm":15591,"minecraft:total_world_time":94223,"minecraft:fall_one_cm":24170},"minecraft:picked_up":{"minecraft:crafting_table":7,"minecraft:andesite":9,"minecraft:potato":56,"minecraft:oak_log":17,"minecraft:gunpowder":4,"minecraft:lapis_lazuli":22,"minecraft:dirt":11,"minecraft:string":81,"minecraft:bone":16,"minecraft:bow":2,"minecraft:iron_ingot":1,"minecraft:oak_planks":4,"minecraft:furnace":2,"minecraft:stick":2,"minecraft:raw_iron":122,"minecraft:oak_fence":1,"minecraft:torch":13,"minecraft:gravel":3,"minecraft:diorite":17,"minecraft:spider_eye":3,"minecraft:arrow":15,"minecraft:rotten_flesh":43,"minecraft:oak_sapling":5,"minecraft:coal":78,"minecraft:rail":1,"minecraft:cobblestone":285},"minecraft:mined":{"minecraft:oak_sapling":2,"minecraft:crafting_table":7,"minecraft:torch":4,"minecraft:grass_block":1,"minecraft:cobblestone":7,"minecraft:lapis_ore":4,"minecraft:diorite":16,"minecraft:wall_torch":6,"minecraft:spawner":3,"minecraft:furnace":2,"minecraft:iron_ore":123,"minecraft:andesite":7,"minecraft:grass":4,"minecraft:oak_log":17,"minecraft:potatoes":15,"minecraft:coal_ore":78,"minecraft:gravel":8,"minecraft:dirt":10,"minecraft:cobweb":74,"minecraft:stone":253,"minecraft:oak_leaves":2},"minecraft:killed":{"minecraft:cave_spider":3,"minecraft:witch":1,"minecraft:spider":6,"minecraft:creeper":1,"minecraft:skeleton":13,"minecraft:zombie":32,"minecraft:stray":1}},"DataVersion":3465}