{"stats":{"minecraft:used":{"minecraft:stone_sword":22,"minecraft:stone_pickaxe":106,"minecraft:baked_potato":4,"minecraft:wooden_pickaxe":8,"minecraft:torch":5,"minecraft:dirt":2,"minecraft:crafting_table":1,"minecraft:oak_sapling":5,"minecraft:furnace":1,"minecraft:potato":15},"minecraft:crafted":{"minecraft:oak_planks":44,"minecraft:charcoal":6,"minecraft:crafting_table":1,"minecraft:stick":12,"minecraft:wooden_pickaxe":1,"minecraft:baked_potato":40,"minecraft:stone_pickaxe":1,"minecraft:stone_sword":1,"minecraft:furnace":1,"minecraft:torch":4,"minecraft:air":0},"minecraft:custom":{"minecraft:time_since_rest":18040,"minecraft:interact_with_furnace":17,"minecraft:sprint_one_cm":49359,"minecraft:damage_taken":115,"minecraft:walk_one_cm":41987,"minecraft:mob_kills":4,"minecraft:damage_dealt":789,"minecraft:swim_one_cm":3128,"minecraft:interact_with_crafting_table":4,"minecraft:fly_one_cm":91084,"minecraft:crouch_one_cm":3077,"minecraft:play_time":34223,"minecraft:sneak_time":1406,"minecraft:walk_under_water_one_cm":1333,"minecraft:jump":452,"minecraft:walk_on_water_one_cm":1379,"minecraft:time_since_death":34223,"minecraft:sleep_in_bed":1,"minecraft:climb_one_cm":996,"minecraft:total_world_time":34223,"minecraft:fall_one_cm":8453},"minecraft:picked_up":{"minecraft:stick":2,"minecraft:crafting_table":1,"minecraft:torch":3,"minecraft:potato":55,"minecraft:oak_log":17,"minecraft:dirt":10,"minecraft:rotten_flesh":4,"minecraft:oak_sapling":5,"minecraft:coal":6,"minecraft:cobblestone":106,"minecraft:furnace":1},"minecraft:mined":{"minecraft:oak_sapling":2,"minecraft:furnace":1,"minecraft:crafting_table":1,"minecraft:grass":4,"minecraft:coal_ore":6,"minecraft:potatoes":15,"minecraft:grass_block":1,"minecraft:oak_log":17,"minecraft:dirt":9,"minecraft:stone":106,"minecraft:oak_leaves":2,"minecraft:wall_torch":3},"minecraft:killed":{"minecraft:zombie":4}},"DataVersion":3465}