{"stats":{"minecraft:picked_up":{"minecraft:crafting_table":8,"minecraft:andesite":3,"minecraft:salmon":5,"minecraft:tuff":2,"minecraft:oak_log":30,"minecraft:yellow_bed":1,"minecraft:amethyst_block":16,"minecraft:lapis_lazuli":25,"minecraft:dirt":1,"minecraft:bone":9,"minecraft:bow":1,"minecraft:cobbled_deepslate":17,"minecraft:raw_gold":17,"minecraft:calcite":25,"minecraft:sugar_cane":7,"minecraft:furnace":5,"minecraft:raw_iron":40,"minecraft:smooth_basalt":6,"minecraft:torch":5,"minecraft:amethyst_shard":8,"minecraft:spruce_log":9,"minecraft:redstone":14,"minecraft:arrow":10,"minecraft:rotten_flesh":8,"minecraft:diamond":4,"minecraft:coal":59,"minecraft:cobblestone":71},"minecraft:killed_by":{"minecraft:skeleton":1,"minecraft:zombie":1},"minecraft:dropped":{"minecraft:stone_sword":1,"minecraft:stone_pickaxe":1,"minecraft:wooden_pickaxe":1},"minecraft:killed":{"minecraft:salmon":5,"minecraft:spider":1,"minecraft:skeleton":5,"minecraft:zombie":4,"minecraft:silverfish":1},"minecraft:used":{"minecraft:water_bucket":3,"minecraft:stone_sword":29,"minecraft:stone_pickaxe":181,"minecraft:baked_potato":4,"minecraft:wooden_pickaxe":45,"minecraft:shield":35,"minecraft:iron_sword":31,"minecraft:cooked_salmon":5,"minecraft:rotten_flesh":6,"minecraft:torch":55,"minecraft:crafting_table":8,"minecraft:tuff":2,"minecraft:lava_bucket":1,"minecraft:iron_pickaxe":46,"minecraft:stone_axe":21,"minecraft:cobblestone":31,"minecraft:furnace":5,"minecraft:bucket":6},"minecraft:mined":{"minecraft:large_amethyst_bud":1,"minecraft:tuff":2,"minecraft:deepslate_diamond_ore":4,"minecraft:medium_amethyst_bud":1,"minecraft:amethyst_cluster":2,"minecraft:crafting_table":8,"minecraft:torch":3,"minecraft:budding_amethyst":3,"minecraft:calcite":23,"minecraft:cobblestone":1,"minecraft:spruce_leaves":5,"minecraft:deepslate_gold_ore":15,"minecraft:sugar_cane":3,"minecraft:amethyst_block":16,"minecraft:redstone_ore":3,"minecraft:furnace":5,"minecraft:iron_ore":33,"minecraft:spruce_log":9,"minecraft:andesite":4,"minecraft:deepslate_lapis_ore":5,"minecraft:yellow_bed":1,"minecraft:grass":1,"minecraft:oak_log":28,"minecraft:coal_ore":44,"minecraft:deepslate_iron_ore":7,"minecraft:small_amethyst_bud":1,"minecraft:smooth_basalt":5,"minecraft:stone":69,"minecraft:gold_ore":2,"minecraft:oak_leaves":3,"minecraft:deepslate":17},"minecraft:custom":{"minecraft:interact_with_furnace":31,"minecraft:mob_kills":17,"minecraft:interact_with_crafting_table":18,"minecraft:time_since_death":39659,"minecraft:time_since_rest":39685,"minecraft:sprint_one_cm":72019,"minecraft:damage_taken":1364,"minecraft:walk_one_cm":118321,"minecraft:damage_blocked_by_shield":2280,"minecraft:drop":3,"minecraft:damage_dealt":3149,"minecraft:swim_one_cm":10107,"minecraft:fly_one_cm":55249,"minecraft:open_chest":3,"minecraft:crouch_one_cm":7591,"minecraft:play_time":46752,"minecraft:deaths":2,"minecraft:sneak_time":4897,"minecraft:walk_under_water_one_cm":17570,"minecraft:jump":826,"minecraft:walk_on_water_one_cm":29982,"minecraft:total_world_time":46752,"minecraft:fall_one_cm":18157},"minecraft:crafted":{"minecraft:oak_planks":64,"minecraft:crafting_table":2,"minecraft:spruce_planks":36,"minecraft:baked_potato":4,"minecraft:iron_helmet":1,"minecraft:wooden_pickaxe":2,"minecraft:iron_sword":1,"minecraft:furnace":1,"minecraft:cooked_salmon":5,"minecraft:bucket":2,"minecraft:stone_axe":1,"minecraft:air":0,"minecraft:iron_boots":1,"minecraft:iron_chestplate":1,"minecraft:shield":1,"minecraft:stick":36,"minecraft:iron_ingot":37,"minecraft:iron_pickaxe":1,"minecraft:stone_pickaxe":3,"minecraft:stone_sword":2,"minecraft:gold_ingot":2,"minecraft:iron_leggings":1,"minecraft:torch":52}},"DataVersion":3465}