{"stats":{"minecraft:picked_up":{"minecraft:raw_iron":17,"minecraft:crafting_table":6,"minecraft:smooth_basalt":2,"minecraft:salmon":5,"minecraft:torch":5,"minecraft:amethyst_shard":8,"minecraft:amethyst_block":12,"minecraft:oak_log":30,"minecraft:yellow_bed":1,"minecraft:spruce_log":9,"minecraft:dirt":1,"minecraft:bone":2,"minecraft:arrow":2,"minecraft:rotten_flesh":2,"minecraft:calcite":2,"minecraft:sugar_cane":7,"minecraft:coal":39,"minecraft:cobblestone":68,"minecraft:furnace":2},"minecraft:killed_by":{"minecraft:skeleton":1,"minecraft:zombie":1},"minecraft:dropped":{"minecraft:wooden_pickaxe":1},"minecraft:killed":{"minecraft:skeleton":1,"minecraft:zombie":1,"minecraft:salmon":5,"minecraft:silverfish":1},"minecraft:used":{"minecraft:stone_sword":21,"minecraft:stone_pickaxe":111,"minecraft:shield":7,"minecraft:wooden_pickaxe":45,"minecraft:cooked_salmon":5,"minecraft:rotten_flesh":1,"minecraft:stone_axe":19,"minecraft:torch":12,"minecraft:crafting_table":6,"minecraft:furnace":2},"minecraft:mined":{"minecraft:furnace":2,"minecraft:iron_ore":15,"minecraft:amethyst_cluster":2,"minecraft:budding_amethyst":3,"minecraft:deepslate_iron_ore":2,"minecraft:spruce_log":9,"minecraft:calcite":2,"minecraft:torch":3,"minecraft:yellow_bed":1,"minecraft:crafting_table":6,"minecraft:grass":1,"minecraft:coal_ore":39,"minecraft:oak_log":28,"minecraft:small_amethyst_bud":1,"minecraft:smooth_basalt":2,"minecraft:spruce_leaves":5,"minecraft:stone":67,"minecraft:sugar_cane":3,"minecraft:oak_leaves":3,"minecraft:amethyst_block":12},"minecraft:custom":{"minecraft:time_since_rest":15685,"minecraft:interact_with_furnace":7,"minecraft:sprint_one_cm":55889,"minecraft:damage_taken":840,"minecraft:walk_one_cm":46475,"minecraft:damage_blocked_by_shield":480,"minecraft:mob_kills":8,"minecraft:drop":1,"minecraft:damage_dealt":1130,"minecraft:interact_with_crafting_table":9,"minecraft:swim_one_cm":10107,"minecraft:fly_one_cm":40624,"minecraft:open_chest":3,"minecraft:crouch_one_cm":4100,"minecraft:play_time":22752,"minecraft:deaths":2,"minecraft:sneak_time":2439,"minecraft:walk_under_water_one_cm":17530,"minecraft:jump":325,"minecraft:walk_on_water_one_cm":22874,"minecraft:time_since_death":15659,"minecraft:total_world_time":22752,"minecraft:fall_one_cm":8208},"minecraft:crafted":{"minecraft:oak_planks":64,"minecraft:shield":1,"minecraft:crafting_table":2,"minecraft:spruce_planks":36,"minecraft:stick":32,"minecraft:iron_ingot":3,"minecraft:wooden_pickaxe":2,"minecraft:stone_pickaxe":3,"minecraft:stone_sword":2,"minecraft:furnace":1,"minecraft:cooked_salmon":5,"minecraft:torch":52,"minecraft:stone_axe":1,"minecraft:air":0}},"DataVersion":3465}