{"stats":{"minecraft:picked_up":{"minecraft:nautilus_shell":1,"minecraft:wheat":8,"minecraft:crafting_table":8,"minecraft:water_bucket":1,"minecraft:andesite":9,"minecraft:salmon":5,"minecraft:potato":79,"minecraft:tuff":2,"minecraft:oak_log":31,"minecraft:yellow_bed":2,"minecraft:string":4,"minecraft:amethyst_block":16,"minecraft:lapis_lazuli":25,"minecraft:dirt":17,"minecraft:bone":10,"minecraft:beetroot":1,"minecraft:bow":1,"minecraft:wheat_seeds":29,"minecraft:cobbled_deepslate":17,"minecraft:raw_gold":17,"minecraft:calcite":25,"minecraft:sugar_cane":10,"minecraft:furnace":6,"minecraft:raw_iron":50,"minecraft:smooth_basalt":6,"minecraft:torch":5,"minecraft:amethyst_shard":8,"minecraft:carrot":6,"minecraft:spruce_log":9,"minecraft:redstone":14,"minecraft:arrow":10,"minecraft:rotten_flesh":14,"minecraft:diamond":4,"minecraft:beetroot_seeds":3,"minecraft:granite":2,"minecraft:bone_meal":1,"minecraft:emerald":2,"minecraft:coal":95,"minecraft:cobblestone":77},"minecraft:killed_by":{"minecraft:skeleton":1,"minecraft:zombie":1},"minecraft:dropped":{"minecraft:water_bucket":1,"minecraft:stone_sword":1,"minecraft:rotten_flesh":6,"minecraft:granite":2,"minecraft:andesite":9,"minecraft:stone_pickaxe":1,"minecraft:wooden_pickaxe":1,"minecraft:string":2},"minecraft:killed":{"minecraft:salmon":5,"minecraft:spider":3,"minecraft:skeleton":7,"minecraft:zombie":10,"minecraft:silverfish":1,"minecraft:drowned":3},"minecraft:used":{"minecraft:beetroot":1,"minecraft:wheat_seeds":29,"minecraft:water_bucket":19,"minecraft:stone_sword":29,"minecraft:stone_pickaxe":182,"minecraft:baked_potato":13,"minecraft:wooden_pickaxe":45,"minecraft:shield":41,"minecraft:iron_sword":84,"minecraft:cooked_salmon":5,"minecraft:rotten_flesh":6,"minecraft:torch":67,"minecraft:crafting_table":11,"minecraft:carrot":5,"minecraft:tuff":2,"minecraft:lava_bucket":1,"minecraft:bread":2,"minecraft:iron_pickaxe":82,"minecraft:smooth_basalt":4,"minecraft:stone_axe":21,"minecraft:cobblestone":31,"minecraft:furnace":7,"minecraft:beetroot_seeds":3,"minecraft:bucket":22,"minecraft:yellow_bed":2,"minecraft:potato":21,"minecraft:bone_meal":28},"minecraft:mined":{"minecraft:large_amethyst_bud":1,"minecraft:tuff":2,"minecraft:deepslate_diamond_ore":4,"minecraft:medium_amethyst_bud":1,"minecraft:amethyst_cluster":2,"minecraft:powder_snow":8,"minecraft:crafting_table":8,"minecraft:torch":3,"minecraft:granite":2,"minecraft:budding_amethyst":3,"minecraft:emerald_ore":2,"minecraft:grass_block":8,"minecraft:calcite":23,"minecraft:tall_grass":3,"minecraft:cobblestone":1,"minecraft:spruce_leaves":5,"minecraft:deepslate_gold_ore":15,"minecraft:sugar_cane":4,"minecraft:amethyst_block":16,"minecraft:redstone_ore":3,"minecraft:furnace":6,"minecraft:carrots":2,"minecraft:iron_ore":42,"minecraft:wheat":11,"minecraft:spruce_log":9,"minecraft:andesite":4,"minecraft:deepslate_lapis_ore":5,"minecraft:yellow_bed":1,"minecraft:beetroots":1,"minecraft:potatoes":14,"minecraft:grass":25,"minecraft:oak_log":28,"minecraft:coal_ore":64,"minecraft:deepslate_iron_ore":7,"minecraft:small_amethyst_bud":1,"minecraft:dirt":8,"minecraft:smooth_basalt":5,"minecraft:stone":72,"minecraft:gold_ore":2,"minecraft:oak_leaves":4,"minecraft:deepslate":17},"minecraft:custom":{"minecraft:interact_with_furnace":43,"minecraft:mob_kills":31,"minecraft:interact_with_crafting_table":22,"minecraft:time_since_death":63659,"minecraft:sleep_in_bed":3,"minecraft:time_since_rest":1762,"minecraft:sprint_one_cm":147546,"minecraft:damage_taken":2007,"minecraft:walk_one_cm":182799,"minecraft:damage_blocked_by_shield":2925,"minecraft:drop":15,"minecraft:damage_dealt":5824,"minecraft:talked_to_villager":7,"minecraft:swim_one_cm":18658,"minecraft:fly_one_cm":126120,"minecraft:open_chest":4,"minecraft:crouch_one_cm":9911,"minecraft:play_time":70752,"minecraft:deaths":2,"minecraft:sneak_time":6241,"minecraft:walk_under_water_one_cm":37287,"minecraft:jump":1261,"minecraft:walk_on_water_one_cm":37233,"minecraft:total_world_time":70752,"minecraft:fall_one_cm":29534,"minecraft:horse_one_cm":380},"minecraft:crafted":{"minecraft:oak_planks":64,"minecraft:crafting_table":4,"minecraft:spruce_planks":36,"minecraft:baked_potato":13,"minecraft:iron_helmet":1,"minecraft:wooden_pickaxe":2,"minecraft:iron_sword":1,"minecraft:furnace":1,"minecraft:cooked_salmon":5,"minecraft:bone_meal":27,"minecraft:bucket":2,"minecraft:stone_axe":1,"minecraft:bread":2,"minecraft:air":0,"minecraft:iron_boots":1,"minecraft:iron_chestplate":1,"minecraft:shield":1,"minecraft:stick":40,"minecraft:iron_ingot":37,"minecraft:iron_pickaxe":1,"minecraft:stone_pickaxe":3,"minecraft:stone_sword":2,"minecraft:gold_ingot":2,"minecraft:iron_leggings":1,"minecraft:stone_hoe":1,"minecraft:torch":64}},"DataVersion":3465}