{"stats":{"minecraft:picked_up":{"minecraft:crafting_table":2,"minecraft:torch":2,"minecraft:oak_log":16,"minecraft:yellow_bed":1,"minecraft:spruce_log":9,"minecraft:dirt":1,"minecraft:rotten_flesh":2,"minecraft:sugar_cane":7,"minecraft:coal":4,"minecraft:cobblestone":20},"minecraft:killed_by":{"minecraft:skeleton":1,"minecraft:zombie":1},"minecraft:killed":{"minecraft:zombie":1},"minecraft:used":{"minecraft:stone_sword":9,"minecraft:stone_pickaxe":14,"minecraft:wooden_pickaxe":20,"minecraft:rotten_flesh":1,"minecraft:crafting_table":3},"minecraft:mined":{"minecraft:spruce_log":9,"minecraft:yellow_bed":1,"minecraft:crafting_table":2,"minecraft:grass":1,"minecraft:coal_ore":4,"minecraft:oak_log":14,"minecraft:spruce_leaves":5,"minecraft:stone":21,"minecraft:sugar_cane":3,"minecraft:oak_leaves":1},"minecraft:custom":{"minecraft:time_since_rest":3685,"minecraft:sprint_one_cm":42169,"minecraft:damage_taken":595,"minecraft:walk_one_cm":18467,"minecraft:mob_kills":1,"minecraft:damage_dealt":701,"minecraft:interact_with_crafting_table":5,"minecraft:swim_one_cm":3179,"minecraft:fly_one_cm":28478,"minecraft:open_chest":3,"minecraft:crouch_one_cm":1872,"minecraft:play_time":10752,"minecraft:deaths":2,"minecraft:sneak_time":557,"minecraft:walk_under_water_one_cm":6431,"minecraft:jump":174,"minecraft:walk_on_water_one_cm":18735,"minecraft:time_since_death":3659,"minecraft:total_world_time":10752,"minecraft:fall_one_cm":3990},"minecraft:crafted":{"minecraft:oak_planks":64,"minecraft:crafting_table":2,"minecraft:spruce_planks":36,"minecraft:stick":16,"minecraft:wooden_pickaxe":2,"minecraft:stone_pickaxe":1,"minecraft:stone_sword":1}},"DataVersion":3465}